date_mdy,month,journal_entry,transcription_accuracy,location,location_accuracy,local_place,local_place_accuracy,latitude,latitude_origin,longitude,longitude_origin,quantity,unit,item,letter,letter_from,letter_to,wind_direction_am,wind_direction_pm,wind_direction_night,wind_speed_am,wind_speed_pm,wind_speed_night,weather_condition_am,weather_condition_pm,weather_condition_night,temperature_am,temperature_pm,temperature_night,image_path,image_description,recorder,notes,noteworthy,second_check
01/01/1876,January,Nearly Calm all day am Carpenter on board the I bark Teekalet of New York In the Mediterranean Lea. Lat 39°.14 North. Long 1° 13 East. bound to Leghorn Italy with tobacco,somewhat confident,Leghorn,mentioned,NA,NA,39.14,not mentioned,1.13,not mentioned,NA,NA,tobacco,no letter,NA,NA,NA,NA,NA,nearly calm,nearly calm,nearly calm,NA,NA,NA,NA,NA,NA,NA,NA,DD,Unsure in bold,,AS
01/02/1876,January,The wind very moderate all day. NN.W. running up the Coast of Spain.,confident,Coast of Spain,mentioned,NA,NA,NA,NA,NA,NA,NA,NA,NA,no letter,NA,NA,NNW,NA,NA,very moderate,very moderate,very moderate,NA,NA,NA,NA,NA,NA,NA,NA,DD,,,AS
01/03/1876,January,The wind Northerly and pleasant.,confident,NA,NA,NA,NA,NA,NA,NA,NA,NA,NA,NA,no letter,NA,NA,N,NA,NA,pleasant,NA,NA,NA,NA,NA,NA,NA,NA,NA,NA,DD,,,AS
01/04/1876,January,The wind N.N.W. moderate in forenoon In the afternoon very heavy blow. came under very close sail at 10 PM Calm. midnight moderate Easterly,confident,NA,NA,NA,NA,NA,NA,NA,NA,NA,NA,NA,no letter,NA,NA,NNW,NA,E,moderate,very heavy blow,"calm, moderate",NA,NA,NA,NA,NA,NA,NA,NA,DD,,,AS
01/05/1876,January,The wind Easterly beating up the Coast of France,confident,Coast of France,mentioned,NA,NA,NA,NA,NA,NA,NA,NA,NA,no letter,NA,NA,E,NA,NA,NA,NA,NA,NA,NA,NA,NA,NA,NA,NA,NA,DD,,,AS
01/06/1876,January,The wind Westerly good breeze rainy. At 8 oclock in the Evening the wind East at 10 very heavy. breeze took in all light sails and fusled upper topsails. at midnight wore ship and bore to head to the Southward,somewhat confident,NA,NA,NA,NA,NA,NA,NA,NA,NA,NA,NA,no letter,NA,NA,W,E,NA,good breeze,NA,very heavy breeze,rainy,NA,NA,NA,NA,NA,NA,NA,DD,Unsure in bold,,AS
01/07/1876,January,The wind Easterly. heavy blow at 8am wore ship and headed to the North. At 6 wore ship and headed to the Southward hove to under lower topsails,confident,NA,NA,NA,NA,NA,NA,NA,NA,NA,NA,NA,no letter,NA,NA,E,NA,NA,heavy blow,NA,NA,NA,NA,NA,NA,NA,NA,NA,NA,DD,,,AS
01/08/1876,January,The wind Easterly gale increasing at noon furled fore topsail and haid under fore topmast stay sail lower main topsail and reefed spanker wore ship at 4P.M. rainy,somewhat confident,NA,NA,NA,NA,NA,NA,NA,NA,NA,NA,NA,no letter,NA,NA,E,NA,NA,gale,increasing,NA,NA,rainy,NA,NA,NA,NA,NA,NA,DD,unsure in bold,,AS
01/09/1876,January,Heavy gale to the Eastward with rain at 8 oclock in the evening Calm. during the gale the vessel direct some way ALeeward,somewhat confident,NA,NA,NA,NA,NA,NA,NA,NA,NA,NA,NA,no letter,NA,NA,W,NA,NA,heavy gale,NA,calm,rain,NA,NA,NA,NA,NA,NA,NA,DD,unsure in bold,,AS
01/10/1876,January,The wind E.N.East. and moderate Set all sail and beat to windmare,somewhat confident,NA,NA,NA,NA,NA,NA,NA,NA,NA,NA,NA,no letter,NA,NA,ENE,NA,NA,moderate,NA,NA,NA,NA,NA,NA,NA,NA,NA,NA,DD,unsure in bold,,AS
01/11/1876,January,The wind Easterly fresh breeze and overcast at 4 oclock in the afternooon reefed fore and main topsail tacked ship of the Island  Corsica wind increasing,confident,Corsica Island,mentioned,NA,NA,NA,NA,NA,NA,NA,NA,NA,no letter,NA,NA,E,NA,NA,fresh breeze,increasing,NA,overcast,NA,NA,NA,NA,NA,NA,NA,DD,"in italic is the word I corrected based on original journal. Wasn't sure if the ""E. fresh breeze and overcast"" was at 4 o'clock or in the morning, but assumed that ""increasing"" is for 4 oc'clock, therefore the first part is for the morning",,AS
01/12/1876,January,The wind blowing heavy to the E.N.E took in upper topsails mainsail and foresail at night reefed spanker at dark took in lower fore topsail and hove too under reefed spanker main Spopeer & le clew of main topsail.,somewhat confident,NA,NA,NA,NA,NA,NA,NA,NA,NA,NA,NA,no letter,NA,NA,ENE,NA,NA,blowing heavy,NA,NA,NA,NA,NA,NA,NA,NA,NA,NA,DD,unsure in bold,,AS
01/13/1876,January,The wind Easterly heavy breeze all day. until dark. when the wind moderated. shook reed out spankers drifted back for to bacward.,somewhat confident,NA,NA,NA,NA,NA,NA,NA,NA,NA,NA,NA,no letter,NA,NA,E,E,E,heavy breeze,heavy breeze,"hezvy breeze, moderated",NA,NA,NA,NA,NA,NA,NA,NA,DD,unsure in bold,,AS
01/14/1876,January,The wind breezed up to the Eastward in the morning shook reefes out topsails and set topgallant sails at night breezed up and took them in Saw the Brig Marina,confident,NA,NA,NA,NA,NA,NA,NA,NA,NA,NA,NA,no letter,NA,NA,W,NA,NA,breezed up,NA,breezed up,NA,NA,NA,NA,NA,NA,NA,NA,DD,,,AS
01/15/1876,January,The wind Easterly sair breeze set all sail. for the afternoon reefed Main topgallant sail. at 4 PM. tacked ship of the Island of Corsica,somewhat confident,Corsica Island,mentioned,NA,NA,NA,NA,NA,NA,NA,NA,NA,no letter,NA,NA,E,NA,NA,sair breeze,NA,NA,NA,NA,NA,NA,NA,NA,NA,NA,DD,unsure in bold,,AS
01/16/1876,January,The wind Easterly whole sail breeze shook reef out Main topgallant sail and set fore one,confident,NA,NA,NA,NA,NA,NA,NA,NA,NA,NA,NA,no letter,NA,NA,E,NA,NA,whole sail breeze,NA,NA,NA,NA,NA,NA,NA,NA,NA,NA,DD,,,AS
01/17/1876,January,Nearly Calm all day and very pleasant. of the island of Corsica at night very moderate to the West. Shacpeled chain on Port bow anchor,somewhat confident,Corsica Island,mentioned,NA,NA,NA,NA,NA,NA,NA,NA,NA,no letter,NA,NA,NA,NA,W,nearly calm,nearly calm,moderate,NA,NA,NA,NA,NA,NA,NA,NA,DD,unsure in bold,,AS
01/18/1876,January,The wind Westerly. in ther morning and within 20 miles of Leg horn. at 8.AM took the wind very moderate to the East,confident,Leghorn,mentioned,NA,NA,NA,NA,NA,NA,NA,NA,NA,no letter,NA,NA,"W, E",NA,NA,very moderate,NA,NA,NA,NA,NA,NA,NA,NA,NA,NA,DD,,,AS
01/19/1876,January,The wind Easterly anchored in Leghorn at 8 oclock in the forenoon. and moored head and stern Reed two letters from home and wrote one home,confident,Leghorn,mentioned,NA,NA,NA,NA,NA,NA,NA,NA,NA,read and write,home,home,E,NA,NA,NA,NA,NA,NA,NA,NA,NA,NA,NA,NA,NA,DD,,,AS
01/20/1876,January,The wind Easterly sent up fore & main Royal yards rigged purchace to hoest cargo and getting ready to discharge ,somewhat confident,NA,NA,NA,NA,NA,NA,NA,NA,NA,NA,NA,no letter,NA,NA,E,NA,NA,NA,NA,NA,NA,NA,NA,NA,NA,NA,NA,NA,DD,unsure in bold,,AS
01/21/1876,January,The wind Easterly discharged in one lighter of tobacco afternoon rainy,confident,NA,NA,NA,NA,NA,NA,NA,NA,1,lighter,tobacco,no letter,NA,NA,E,NA,NA,NA,NA,NA,NA,rainy,NA,NA,NA,NA,NA,NA,DD,,,AS
01/22/1876,January,The wind Easterly and rainy in morning discharged of tobacco. afternoon the wind Northerly and pleasant Got finger jamed in cojes of winch. went to Hospital got it done up,somewhat confident,Leghorn,assumed,Leghorn Hospital,mentioned,NA,NA,NA,NA,NA,NA,tobacco,no letter,NA,NA,E,N,NA,NA,pleasnt,NA,rainy,,NA,NA,NA,NA,NA,NA,DD,unsure in bold,,AS
01/23/1876,January,The wind Easterly and very pleasant.,confident,Leghorn,assumed,NA,NA,NA,NA,NA,NA,NA,NA,NA,no letter,NA,NA,E,NA,NA,very pleasant,NA,NA,NA,NA,NA,NA,NA,NA,NA,NA,DD,,,AS
01/24/1876,January,The wind Easterly discharged in three lighters with tobacco. in forenoon. Went to Hospital and had finder done up,confident,Leghorn,assumed,Leghorn Hospital,mentioned,NA,NA,NA,NA,3,lighters,tobacco,no letter,NA,NA,E,NA,NA,NA,NA,NA,NA,NA,NA,NA,NA,NA,NA,NA,DD,"should we change ""finders"" for fingers?",,AS
01/25/1876,January,The wind East discharged in two lighter with tobacco,confident,Leghorn,assumed,NA,NA,NA,NA,NA,NA,2,lighters,tobacco,no letter,NA,NA,E,NA,NA,NA,NA,NA,NA,NA,NA,NA,NA,NA,NA,NA,DD,,,AS
01/26/1876,January,The wind Easterly wrote letter to J.H.S. and Galen Smith. Went to Hospital and got fingers done up,confident,Leghorn,assumed,Leghorn Hospital,mentioned,NA,NA,NA,NA,NA,NA,NA,write,NA,"Galen Smith, Janette Smith",E,NA,NA,NA,NA,NA,NA,NA,NA,NA,NA,NA,NA,NA,DD,Assumed that J.H.S. is Janette Smith,,AS
01/27/1876,January,The wind Easterly Went to Hospital had finger done up very severe pain,confident,Leghorn,assumed,Leghorn Hospital,mentioned,NA,NA,NA,NA,NA,NA,NA,no letter,NA,NA,E,NA,NA,NA,NA,NA,NA,NA,NA,NA,NA,NA,NA,NA,DD,,,AS
01/28/1876,January,Made an other visit to the Doctors for the cure of my finger Exceedingly painful,confident,Leghorn,assumed,Leghorn Hospital,assumed,NA,NA,NA,NA,NA,NA,NA,no letter,NA,NA,NA,NA,NA,NA,NA,NA,NA,NA,NA,NA,NA,NA,NA,NA,DD,,,AS
01/29/1876,January,A visit to the Doctor,confident,Leghorn,assumed,Leghorn Hospital,assumed,NA,NA,NA,NA,NA,NA,NA,no letter,NA,NA,NA,NA,NA,NA,NA,NA,NA,NA,NA,NA,NA,NA,NA,NA,DD,,,AS
01/30/1876,January,Went to the Hospital to to stay until the cure of my finger,confident,Leghorn,assumed,Leghorn Hospital,mentioned,NA,NA,NA,NA,NA,NA,NA,no letter,NA,NA,NA,NA,NA,NA,NA,NA,NA,NA,NA,NA,NA,NA,NA,NA,DD,,,AS
01/31/1876,January,The pain Exceedingly great,confident,Leghorn,assumed,Leghorn Hospital,assumed,NA,NA,NA,NA,NA,NA,NA,no letter,NA,NA,NA,NA,NA,NA,NA,NA,NA,NA,NA,NA,NA,NA,NA,NA,DD,,,AS
02/01/1876,February,Had finger lanced to the bone from middle point to End after the Doctors had held long consultation,confident,Leghorn,assumed,Leghorn Hospital,assumed,NA,NA,NA,NA,NA,NA,NA,no letter,NA,NA,NA,NA,NA,NA,NA,NA,NA,NA,NA,NA,NA,NA,NA,NA,DD,,,AS
02/02/1876,February,Finger so badly inflamed the doctor dare not take it of,confident,Leghorn,assumed,Leghorn Hospital,assumed,NA,NA,NA,NA,NA,NA,NA,no letter,NA,NA,NA,NA,NA,NA,NA,NA,NA,NA,NA,NA,NA,NA,NA,NA,DD,,,AS
02/03/1876,February,Finger and hand very badly inflamed. cloths wet in ice water laid on back of my hand to stop the inflamation from going up any higher.,confident,Leghorn,assumed,Leghorn Hospital,assumed,NA,NA,NA,NA,NA,NA,NA,no letter,NA,NA,NA,NA,NA,NA,NA,NA,NA,NA,NA,NA,NA,NA,NA,NA,DD,,,AS
02/04/1876,February,Was removed in an arm chair up several flights of stairs to the upper part of the building. A long consultation of Doctors as to whether it was best to take my finger off ,confident,Leghorn,assumed,Leghorn Hospital,assumed,NA,NA,NA,NA,NA,NA,NA,no letter,NA,NA,NA,NA,NA,NA,NA,NA,NA,NA,NA,NA,NA,NA,NA,NA,DD,,,AS
02/05/1876,February,"No inflamation in hand but for some reason un noon to me, the doctors have decided not to trouble my hand to day",somewhat confident,Leghorn,assumed,Leghorn Hospital,assumed,NA,NA,NA,NA,NA,NA,NA,no letter,NA,NA,NA,NA,NA,NA,NA,NA,NA,NA,NA,NA,NA,NA,NA,NA,DD,"the bold probably means ""unknown""",,AS
02/06/1876,February,In Hospital at Leghorn so much run down by exceedingly great pain I am unable to get of my bed not having strength to stand alone,confident,Leghorn,mentioned,Leghorn Hospital,mentioned,NA,NA,NA,NA,NA,NA,NA,no letter,NA,NA,NA,NA,NA,NA,NA,NA,NA,NA,NA,NA,NA,NA,NA,NA,DD,,,AS
02/07/1876,February,In Hospital at Leghorn  ,confident,Leghorn,mentioned,Leghorn Hospital,mentioned,NA,NA,NA,NA,NA,NA,NA,no letter,NA,NA,NA,NA,NA,NA,NA,NA,NA,NA,NA,NA,NA,NA,NA,NA,DD,,,AS
02/08/1876,February,In Hospital at Leghorn Italy,confident,Leghorn,mentioned,Leghorn Hospital,mentioned,NA,NA,NA,NA,NA,NA,NA,no letter,NA,NA,NA,NA,NA,NA,NA,NA,NA,NA,NA,NA,NA,NA,NA,NA,DD,,,AS
02/09/1876,February,Belong to the Bark Tukalet of New York but have been put ashore in the Hospital on account of a lame hand and expect to have it taken of,confident,Leghorn,assumed,Leghorn Hospital,assumed,NA,NA,NA,NA,NA,NA,NA,no letter,NA,NA,NA,NA,NA,NA,NA,NA,NA,NA,NA,NA,NA,NA,NA,NA,DD,,,AS
02/10/1876,February,NA,confident,Leghorn,assumed,Leghorn Hospital,assumed,NA,NA,NA,NA,NA,NA,NA,no letter,NA,NA,NA,NA,NA,NA,NA,NA,NA,NA,NA,NA,NA,NA,NA,NA,DD,,,AS
02/11/1876,February,NA,confident,Leghorn,assumed,Leghorn Hospital,assumed,NA,NA,NA,NA,NA,NA,NA,no letter,NA,NA,NA,NA,NA,NA,NA,NA,NA,NA,NA,NA,NA,NA,NA,NA,DD,,,AS
02/12/1876,February,NA,confident,Leghorn,assumed,Leghorn Hospital,assumed,NA,NA,NA,NA,NA,NA,NA,no letter,NA,NA,NA,NA,NA,NA,NA,NA,NA,NA,NA,NA,NA,NA,NA,NA,DD,,,AS
02/13/1876,February,Wrote letter home from the Hospital,confident,Leghorn,mentioned,Leghorn Hospital,mentioned,NA,NA,NA,NA,NA,NA,NA,write,NA,home,NA,NA,NA,NA,NA,NA,NA,NA,NA,NA,NA,NA,NA,NA,DD,,,AS
02/14/1876,February,NA,confident,Leghorn,assumed,Leghorn Hospital,assumed,NA,NA,NA,NA,NA,NA,NA,no letter,NA,NA,NA,NA,NA,NA,NA,NA,NA,NA,NA,NA,NA,NA,NA,NA,DD,,,AS
02/15/1876,February,NA,confident,Leghorn,assumed,Leghorn Hospital,assumed,NA,NA,NA,NA,NA,NA,NA,no letter,NA,NA,NA,NA,NA,NA,NA,NA,NA,NA,NA,NA,NA,NA,NA,NA,DD,,,AS
02/16/1876,February,NA,confident,Leghorn,assumed,Leghorn Hospital,assumed,NA,NA,NA,NA,NA,NA,NA,no letter,NA,NA,NA,NA,NA,NA,NA,NA,NA,NA,NA,NA,NA,NA,NA,NA,DD,,,AS
02/17/1876,February,Had finger taken of below the point founel the bone to  be unsonnd and then it was unjointed,somewhat confident,Leghorn,assumed,Leghorn Hospital,assumed,NA,NA,NA,NA,NA,NA,NA,no letter,NA,NA,NA,NA,NA,NA,NA,NA,NA,NA,NA,NA,NA,NA,NA,NA,DD,,Had his finger chopped off :(,AS
02/18/1876,February,NA,confident,Leghorn,assumed,Leghorn Hospital,assumed,NA,NA,NA,NA,NA,NA,NA,no letter,NA,NA,NA,NA,NA,NA,NA,NA,NA,NA,NA,NA,NA,NA,NA,NA,DD,,,AS
02/19/1876,February,NA,confident,Leghorn,assumed,Leghorn Hospital,assumed,NA,NA,NA,NA,NA,NA,NA,no letter,NA,NA,NA,NA,NA,NA,NA,NA,NA,NA,NA,NA,NA,NA,NA,NA,DD,,,AS
02/20/1876,February,NA,confident,Leghorn,assumed,Leghorn Hospital,assumed,NA,NA,NA,NA,NA,NA,NA,no letter,NA,NA,NA,NA,NA,NA,NA,NA,NA,NA,NA,NA,NA,NA,NA,NA,DD,,,AS
02/21/1876,February,Commence to gain strength so I can walk about the hospital,confident,Leghorn,mentioned,Leghorn Hospital,mentioned,NA,NA,NA,NA,NA,NA,NA,no letter,NA,NA,NA,NA,NA,NA,NA,NA,NA,NA,NA,NA,NA,NA,NA,NA,DD,,,AS
02/22/1876,February,Still in the hospital waiting patiently to be able to get back on board the Bark,confident,Leghorn,mentioned,Leghorn Hospital,assumed,NA,NA,NA,NA,NA,NA,NA,no letter,NA,NA,NA,NA,NA,NA,NA,NA,NA,NA,NA,NA,NA,NA,NA,NA,DD,,,AS
02/23/1876,February,NA,confident,Leghorn,assumed,Leghorn Hospital,assumed,NA,NA,NA,NA,NA,NA,NA,no letter,NA,NA,NA,NA,NA,NA,NA,NA,NA,NA,NA,NA,NA,NA,NA,NA,DD,,,AS
02/24/1876,February,NA,confident,Leghorn,assumed,Leghorn Hospital,assumed,NA,NA,NA,NA,NA,NA,NA,no letter,NA,NA,NA,NA,NA,NA,NA,NA,NA,NA,NA,NA,NA,NA,NA,NA,DD,,,AS
02/25/1876,February,NA,confident,Leghorn,assumed,Leghorn Hospital,assumed,NA,NA,NA,NA,NA,NA,NA,no letter,NA,NA,NA,NA,NA,NA,NA,NA,NA,NA,NA,NA,NA,NA,NA,NA,DD,,,AS
02/26/1876,February,NA,confident,Leghorn,assumed,Leghorn Hospital,assumed,NA,NA,NA,NA,NA,NA,NA,no letter,NA,NA,NA,NA,NA,NA,NA,NA,NA,NA,NA,NA,NA,NA,NA,NA,DD,,,AS
02/27/1876,February,NA,confident,Leghorn,assumed,Leghorn Hospital,assumed,NA,NA,NA,NA,NA,NA,NA,no letter,NA,NA,NA,NA,NA,NA,NA,NA,NA,NA,NA,NA,NA,NA,NA,NA,DD,,,AS
02/28/1876,February,Left the Hospital and went on board the vessel,confident,Leghorn,mentioned,"Leghorn Hospital, Vessel",mentioned,NA,NA,NA,NA,NA,NA,NA,no letter,NA,NA,NA,NA,NA,NA,NA,NA,NA,NA,NA,NA,NA,NA,NA,NA,DD,,,AS
02/29/1876,February,Calm all day. went to the Hospital and had hand dressed,confident,Leghorn,mentioned,Leghorn Hospital,mentioned,NA,NA,NA,NA,NA,NA,NA,no letter,NA,NA,NA,NA,NA,calm,calm,calm,NA,NA,NA,NA,NA,NA,NA,NA,DD,,,AS
03/01/1876,March,Calm all day. Went to Pisa in the Cars to see the leaning Tower. Came back and went on board in the after noon Flying jil boom riged out.,somewhat confident,Pisa,mentioned,NA,NA,NA,NA,NA,NA,NA,NA,NA,no letter,NA,NA,NA,NA,NA,calm,calm,calm,NA,NA,NA,NA,NA,NA,NA,NA,DD,unsure in bold,He went to see Pisa Tower!,AS
03/02/1876,March,The wind South West and rainy in the morn Easterly and clear in the afternoon. Finished leading the Bark at noon.,confident,NA,NA,NA,NA,NA,NA,NA,NA,NA,NA,NA,no letter,NA,NA,SW,E,NA,NA,NA,NA,rainy,clear,NA,NA,NA,NA,NA,NA,DD,,,AS
03/03/1876,March,The wind very moderate and baffling all day Getting ready for Sea,confident,NA,NA,NA,NA,NA,NA,NA,NA,NA,NA,NA,no letter,NA,NA,NA,NA,NA,very moderate,very moderate,very moderate,NA,NA,NA,NA,NA,NA,NA,NA,DD,,,AS
03/04/1876,March,The wind Easterly Took pilar on board and Sailed from Leghorn for New York Sent letter shore by pilot for home at dark calm,somewhat confident,"Leghorn, New York",mentioned,NA,NA,NA,NA,NA,NA,NA,NA,NA,write,NA,home,E,NA,NA,NA,NA,calm,NA,NA,NA,NA,NA,NA,NA,NA,DD,"unsure in bold, wans't sure about the letter",,AS
03/05/1876,March,The wind moderate Southerly and pleasant set studing sail,confident,NA,NA,NA,NA,NA,NA,NA,NA,NA,NA,NA,no letter,NA,NA,S,NA,NA,moderate,NA,NA,pleasant,NA,NA,NA,NA,NA,NA,NA,DD,,,AS
03/06/1876,March,The wind South West and moderate,confident,NA,NA,NA,NA,NA,NA,NA,NA,NA,NA,NA,no letter,NA,NA,SW,NA,NA,moderate,NA,NA,NA,NA,NA,NA,NA,NA,NA,NA,DD,,,AS
03/07/1876,March,Very moderate all day heavy sea running at 6 P.M took fresh breeze W.N.W. Look in all light sails furled upper fore topsail. and main topsail Lat 43° 24 Long 8° 25 East,confident,NA,NA,NA,NA,43.24,not mentioned,8.25,not mentioned,NA,NA,NA,no letter,NA,NA,NA,WNW,NA,very moderate,"very moderate, fresh breeze",very moderate,NA,NA,NA,NA,NA,NA,NA,NA,DD,,,AS
03/08/1876,March,Heavy Westerly at 4 PM. more moderate set both upper topsails reefed,confident,NA,NA,NA,NA,NA,NA,NA,NA,NA,NA,NA,no letter,NA,NA,W,W,NA,heavy,more moderate,NA,NA,NA,NA,NA,NA,NA,NA,NA,DD,,,AS
03/09/1876,March,Wind Westerly at 6 AM. set both topgallant sails at 6AM stronger winds took in fore top gallants. Lat 41° 02N. Long 6° - 02 E.,confident,NA,NA,NA,NA,41.02,not mentioned,6.02,not mentioned,NA,NA,NA,no letter,NA,NA,W,NA,NA,stronger winds,NA,NA,NA,NA,NA,NA,NA,NA,NA,NA,DD,"Assumed ""6° - 02 E"" is 6.02",,AS
03/10/1876,March,The wind Easterly in the morning. set main top gallant sail at noon the wind W. afternoon breezing up. Took in main top gallant sail at 7 PM. took  in all light sails. Lat 41° - 10 N. Long. 5° 25 East,somewhat confident,NA,NA,NA,NA,41.1,not mentioned,5.25,not mentioned,NA,NA,NA,no letter,NA,NA,E,W,NA,NA,breezing up,NA,NA,NA,NA,NA,NA,NA,NA,NA,DD,unsure in bold,,AS
03/11/1876,March,The wind Westerly beating to wind warel Lat 41° 10,somewhat confident,NA,NA,NA,NA,41.1,not mentioned,NA,NA,NA,NA,NA,no letter,NA,NA,W,NA,NA,NA,NA,NA,NA,NA,NA,NA,NA,NA,NA,NA,DD,unsure in bold,,AS
03/12/1876,March,The wind Westerly midnight heavy breeze took in topgallant sails reefed topsails,confident,NA,NA,NA,NA,NA,NA,NA,NA,NA,NA,NA,no letter,NA,NA,W,NA,NA,NA,NA,heavy breeze,NA,NA,NA,NA,NA,NA,NA,NA,DD,,,AS
03/13/1876,March,The wind Westerly in forenoon Shook reefes out topsails and set top gallant sails. at dark the wind East set main royal Lat 40° 40' Longtitude 2° 29 East,confident,NA,NA,NA,NA,40.4,not mentioned,2.29,not mentioned,NA,NA,NA,no letter,NA,NA,W,NA,E,NA,NA,NA,NA,NA,NA,NA,NA,NA,NA,NA,DD,,,AS
03/14/1876,March,The wind Easterly set fore royal and Studing sail,confident,NA,NA,NA,NA,NA,NA,NA,NA,NA,NA,NA,no letter,NA,NA,E,NA,NA,NA,NA,NA,NA,NA,NA,NA,NA,NA,NA,NA,DD,,,AS
03/15/1876,March,The wind East Good breeze run before the wind with studing sails set,confident,NA,NA,NA,NA,NA,NA,NA,NA,NA,NA,NA,no letter,NA,NA,E,NA,NA,good breeze,NA,NA,NA,NA,NA,NA,NA,NA,NA,NA,DD,,,AS
03/16/1876,March,Very moderate Easterly run before the wind with all square sails set.,confident,NA,NA,NA,NA,NA,NA,NA,NA,NA,NA,NA,no letter,NA,NA,E,NA,NA,very moderate,NA,NA,NA,NA,NA,NA,NA,NA,NA,NA,DD,,,AS
03/17/1876,March,The wind Westerly Took in Studding sails beat to undmaril all day at 8PM took in top gallant sails and all light sails ,somewhat confident,NA,NA,NA,NA,NA,NA,NA,NA,NA,NA,NA,no letter,NA,NA,W,NA,NA,NA,NA,NA,NA,NA,NA,NA,NA,NA,NA,NA,DD,unsure in bold,,AS
03/18/1876,March,The wind Westerly. at 8 AM reefed both topsails. At 4PM moderate shook out reefs and set top gallant sails.,confident,NA,NA,NA,NA,NA,NA,NA,NA,NA,NA,NA,no letter,NA,NA,W,NA,NA,NA,moderate,NA,NA,NA,NA,NA,NA,NA,NA,NA,DD,,,AS
03/19/1876,March,The wind Easterly set studding sails and all square sails in afternoon the wind westerly took in royals and studding sails at 6 PM took the wind East set studding sails,confident,NA,NA,NA,NA,NA,NA,NA,NA,NA,NA,NA,no letter,NA,NA,E,W,E,NA,NA,NA,NA,NA,NA,NA,NA,NA,NA,NA,DD,,,AS
03/20/1876,March,The wind East fresh breeze run all day with studding sails set. Passed the Rock of Gibraltar about noon Clear weather,confident,Rock of Gibraltar,mentioned,NA,NA,NA,NA,NA,NA,NA,NA,NA,no letter,NA,NA,E,NA,NA,fresh breeze,NA,NA,clear,NA,NA,NA,NA,NA,NA,NA,DD,,,AS
03/21/1876,March,The wind East. pleasant Fresh breeze run West with studding sails and all square sails set Latitude 34° 50 North. Longitude 9° 20 West,confident,NA,NA,NA,NA,34.5,not mentioned,-9.2,not mentioned,NA,NA,NA,no letter,NA,NA,E,NA,NA,pleasant fresh breeze,NA,NA,NA,NA,NA,NA,NA,NA,NA,NA,DD,,,AS
03/22/1876,March,The wind E.N.East. Good breeze run with studding sails. Let 33° 30 Lon 11° 38 West,confident,NA,NA,NA,NA,33.3,not mentioned,-11.38,not mentioned,NA,NA,NA,no letter,NA,NA,ENE,NA,NA,good breeze,NA,NA,NA,NA,NA,NA,NA,NA,NA,NA,DD,,,AS
03/23/1876,March,The wind W.N.W. Took in studding sails and stood to the Southward & Westward by the wind. Sail the Canary Islands to the Southward Lat 32°20 Long 13° 30,somewhat confident,Canary Islands,mentioned,NA,NA,32.2,not mentioned,-13.3,not mentioned,NA,NA,NA,no letter,NA,NA,WNW,NA,NA,NA,NA,NA,NA,NA,NA,NA,NA,NA,NA,NA,DD,"unsure in bold, assumed that longitude is W",,AS
03/24/1876,March,The wind E.N.East Clear weather. set studdingsails Lat 31° 23 Lon 15 18,confident,NA,NA,NA,NA,31.23,not mentioned,-15.18,not mentioned,NA,NA,NA,no letter,NA,NA,ENE,NA,NA,NA,NA,NA,clear,NA,NA,NA,NA,NA,NA,NA,DD,assumed that longitude is W,,AS
03/25/1876,March,The wind Easterly fine weather run with studding sails set Lat 30° 23 Long 17° 35 At sunset heavy rain squall took in royals studdingsails top gallant sails and upper foretopsail wind W.N.W.lightning,confident,NA,NA,NA,NA,30.23,not mentioned,-17.35,not mentioned,NA,NA,NA,no letter,NA,NA,E,NA,NA,NA,NA,NA,fine,heavy rain,NA,NA,NA,NA,NA,NA,DD,assumed that longitude is W,,AS
03/26/1876,March,The wind NW by W. set fore topsail and top gallant sails Lat 29° 49° Long 18° 33°,confident,NA,NA,NA,NA,29.49,not mentioned,-18.33,not mentioned,NA,NA,NA,no letter,NA,NA,NWW,NA,NA,NA,NA,NA,NA,NA,NA,NA,NA,NA,NA,NA,DD,assumed that longitude is W,,AS
03/27/1876,March,The wind N.West and very moderate all day. Lat 28° 14' Longitude 19° 12',confident,NA,NA,NA,NA,28.14,not mentioned,-19.12,not mentioned,NA,NA,NA,no letter,NA,NA,NW,NW,NW,very moderate,very moderate,very moderate,NA,NA,NA,NA,NA,NA,NA,NA,DD,assumed that longitude is W,,AS
03/28/1876,March,The wind Easterly and rainy in afternoon set studding sails Lat 27 46 Long 19 30,confident,NA,NA,NA,NA,27.46,not mentioned,-19.3,not mentioned,NA,NA,NA,no letter,NA,NA,E,NA,NA,NA,NA,NA,NA,rainy,NA,NA,NA,NA,NA,NA,DD,assumed that longitude is W,,AS
03/29/1876,March,The wind South West in forenoon took in studdingsails. in the afternoon the wind N.West. lat 27°37 Long 21°00,confident,NA,NA,NA,NA,27.37,not mentioned,-21,not mentioned,NA,NA,NA,no letter,NA,NA,SW,NW,NA,NA,NA,NA,NA,NA,NA,NA,NA,NA,NA,NA,DD,assumed that longitude is W,,AS
03/30/1876,March,The wind N.N.W. very warm pleasant all sail set. Law a Barkentine to lunard Latitude 26° 12 Longtitude 23° 18,somewhat confident,NA,NA,NA,NA,26.12,not mentioned,-23.18,not mentioned,NA,NA,NA,no letter,NA,NA,NNW,NA,NA,NA,NA,NA,"very warm, pleasant",NA,NA,NA,NA,NA,NA,NA,DD,"unsure in bold, assumed that longitude is W",,AS
03/31/1876,March,The wind North West. stood by the wind to the Southward & westward. Lat at Noon 25° 10'N Long 25° 10' West,confident,NA,NA,NA,NA,25.1,not mentioned,-25.1,not mentioned,NA,NA,NA,no letter,NA,NA,NW,NA,NA,NA,NA,NA,NA,NA,NA,NA,NA,NA,NA,NA,DD,,,AS
04/01/1876,April,The wind Easterly set studding sail Latitude 24° 05 Longitude 27° 38,confident,NA,NA,NA,NA,24.05,not mentioned,-27.38,not mentioned,NA,NA,NA,no letter,NA,NA,E,NA,NA,NA,NA,NA,NA,NA,NA,NA,NA,NA,NA,NA,DD,assumed that longitude is W,,AS
04/02/1876,April,The wind Easterly fair weather Lat 23° 51' Long 29° 40,confident,NA,NA,NA,NA,23.51,not mentioned,-29.4,not mentioned,NA,NA,NA,no letter,NA,NA,E,NA,NA,NA,NA,NA,fair,NA,NA,NA,NA,NA,NA,NA,DD,assumed that longitude is W,,AS
04/03/1876,April,The wind Easterly all square sails set Latitude 23° 41 Longitude 31° 26,confident,NA,NA,NA,NA,23.41,not mentioned,-31.26,not mentioned,NA,NA,NA,no letter,NA,NA,E,NA,NA,NA,NA,NA,NA,NA,NA,NA,NA,NA,NA,NA,DD,assumed that longitude is W,,AS
04/04/1876,April,The wind baffling all day took in studding sail very warm and light winds Latitude 23° 30 Longitude 32° 30,confident,NA,NA,NA,NA,23.3,not mentioned,-32.3,not mentioned,NA,NA,NA,no letter,NA,NA,NA,NA,NA,"baffling, light winds","baffling, light winds","baffling, light winds",warm,warm,warm,NA,NA,NA,NA,NA,DD,assumed that longitude is W,,AS
04/05/1876,April,The wind North East. Good breeze and pleasant set studding sail Latitude 23° 45 Longitude 33° 48,confident,NA,NA,NA,NA,23.45,not mentioned,-33.48,not mentioned,NA,NA,NA,no letter,NA,NA,NE,NA,NA,good breeze,NA,NA,pleasant,NA,NA,NA,NA,NA,NA,NA,DD,assumed that longitude is W,,AS
04/06/1876,April,The wind Easterly run with all square sail set Latitude 23° 40 Longitude 36° 15,confident,NA,NA,NA,NA,23.49,not mentioned,-36.15,not mentioned,NA,NA,NA,no letter,NA,NA,E,NA,NA,NA,NA,NA,NA,NA,NA,NA,NA,NA,NA,NA,DD,assumed that longitude is W,,AS
04/07/1876,April,The wind Easterly moderate and Chop Latitude 23° 37 Longitude 37° 58,confident,NA,NA,NA,NA,23.37,not mentioned,-37.58,not mentioned,NA,NA,NA,no letter,NA,NA,E,NA,NA,moderate,NA,NA,NA,NA,NA,NA,NA,NA,NA,NA,DD,assumed that longitude is W,,AS
04/08/1876,April,The wind very moderate Easterly and hot. Latitude 23° 46 Longitude 39° 02,confident,NA,NA,NA,NA,23.46,not mentioned,-39.02,not mentioned,NA,NA,NA,no letter,NA,NA,E,NA,NA,very moderate,NA,NA,hot,NA,NA,NA,NA,NA,NA,NA,DD,assumed that longitude is W,,AS
04/09/1876,April,The wind Easterly and very moderate warm Saw a Ship and a Bark heading Northerly Lat 23.50 at noon Longitude 39.58 at night took the wind Northerly took in studdingsails,confident,NA,NA,NA,NA,23.5,not mentioned,-39.58,not mentioned,NA,NA,NA,no letter,NA,NA,E,NA,N,very moderate,NA,NA,warm,NA,NA,NA,NA,NA,NA,NA,DD,assumed that longitude is W,,AS
04/10/1876,April,The wind Easterly set studding sails saw big Exchanged Longitude. Latitude 23° 59 Longitude 41° 30,confident,NA,NA,NA,NA,23.59,not mentioned,-41.3,not mentioned,NA,NA,NA,no letter,NA,NA,E,NA,NA,NA,NA,NA,NA,NA,NA,NA,NA,NA,NA,NA,DD,assumed that longitude is W,,AS
04/11/1876,April,The wind Easterly good breeze and clear weather. Latitude 24° 03 Longitude 43° 21,confident,NA,NA,NA,NA,24.03,not mentioned,-43.21,not mentioned,NA,NA,NA,no letter,NA,NA,E,NA,NA,good breeze,NA,NA,clear,NA,NA,NA,NA,NA,NA,NA,DD,assumed that longitude is W,,AS
04/12/1876,April,THe wind South Easterly good breeze and pleasant. Latitude 24° 13 Longitude 45 43,confident,NA,NA,NA,NA,24.13,not mentioned,-45.43,not mentioned,NA,NA,NA,no letter,NA,NA,SE,NA,NA,good breeze,NA,NA,pleasant,NA,NA,NA,NA,NA,NA,NA,DD,assumed that longitude is W,,AS
04/13/1876,April,The wind Westerly took in Studding sail headed to the North at 8 PM tacked ship headed to the Southward very moderate all day Latitude 24° 20 Longitude 47° 48,confident,NA,NA,NA,NA,24.2,not mentioned,-47.48,not mentioned,NA,NA,NA,no letter,NA,NA,W,NA,NA,very moderate,very moderate,very moderate,NA,NA,NA,NA,NA,NA,NA,NA,DD,assumed that longitude is W,,AS
04/14/1876,April,The wind North East good breeze set studding sail at midnight Latitude 24° 02 Longitude 49° 48,confident,NA,NA,NA,NA,24.02,not mentioned,-49.48,not mentioned,NA,NA,NA,no letter,NA,NA,NE,NA,NA,good breeze,NA,NA,NA,NA,NA,NA,NA,NA,NA,NA,DD,assumed that longitude is W,,AS
04/15/1876,April,The wind E.N.East pleasant Latitude 24° 26 Longitude 52 42,confident,NA,NA,NA,NA,24.26,not mentioned,-52.42,not mentioned,NA,NA,NA,no letter,NA,NA,ENE,NA,NA,pleasant,NA,NA,NA,NA,NA,NA,NA,NA,NA,NA,DD,assumed that longitude is W,,AS
04/16/1876,April,The wind North East. Lat at noon 24.36 Longitude 55°12,confident,NA,NA,NA,NA,24.36,not mentioned,-55.12,not mentioned,NA,NA,NA,no letter,NA,NA,NE,NA,NA,NA,NA,NA,NA,NA,NA,NA,NA,NA,NA,NA,DD,assumed that longitude is W,,AS
04/17/1876,April,The wind East Good breeze and pleasant Latitude 25° 23 Longitude 57° 06,confident,NA,NA,NA,NA,25.23,not mentioned,-57.06,not mentioned,NA,NA,NA,no letter,NA,NA,E,NA,NA,good breeze,NA,NA,pleasant,NA,NA,NA,NA,NA,NA,NA,DD,assumed that longitude is W,,AS
04/18/1876,April,The wind South East very fresh breeze Course N.W. for Sandy hook. Latitude 26° 06 Longitude 59 50,confident,NA,NA,NA,NA,26.06,not mentioned,-59.5,not mentioned,NA,NA,NA,no letter,NA,NA,SE,NA,NA,very fresh breeze,NA,NA,NA,NA,NA,NA,NA,NA,NA,NA,DD,assumed that longitude is W,,AS
04/19/1876,April,The wind South East moderate and hot Latitude 26° 46 Longitude 61° 27,confident,NA,NA,NA,NA,26.46,not mentioned,-61.27,not mentioned,NA,NA,NA,no letter,NA,NA,SE,NA,NA,moderate,NA,NA,hot,NA,NA,NA,NA,NA,NA,NA,DD,assumed that longitude is W,,AS
04/20/1876,April,The wind N.N.E. good breeze took in studding sails Latitude 27° 19 Longitude 62° 12,confident,NA,NA,NA,NA,27.19,not mentioned,-62.12,not mentioned,NA,NA,NA,no letter,NA,NA,NNE,NA,NA,good breeze,NA,NA,NA,NA,NA,NA,NA,NA,NA,NA,DD,assumed that longitude is W,,AS
04/21/1876,April,The wind N.N.East at 9 AM Sandy Hook 860 msles dist Bermuda bore N by W 200 miles distant. At night the wind hauled East set studding Lat 29° 05 Lon 64° 42,somewhat confident,,NA,NA,NA,29.05,not mentioned,-64.42,not mentioned,NA,NA,NA,no letter,NA,NA,NNE,NA,NA,NA,NA,NA,NA,NA,NA,NA,NA,NA,NA,NA,DD,"unsure in bold, assumed that longitude is W",,AS
04/22/1876,April,Very moderate took in studding sails wind baffling at 4 PM set the studding sail Latitude 30° 05 Longitude 65° 47,confident,NA,NA,NA,NA,30.05,not mentioned,-65.47,not mentioned,NA,NA,NA,no letter,NA,NA,NA,NA,NA,moderate,baffling,NA,NA,NA,NA,NA,NA,NA,NA,NA,DD,assumed that longitude is W,,AS
04/23/1876,April,The wind South East and veered around to the West. Lat 30° 52 Long 66° 16 took in studdingsail,confident,NA,NA,NA,NA,30.52,not mentioned,-66.16,not mentioned,NA,NA,NA,no letter,NA,NA,SE,NA,NA,NA,NA,NA,NA,NA,NA,NA,NA,NA,NA,NA,DD,assumed that longitude is W,,AS
04/24/1876,April,The wind W.S.W pleasant. Course N.W by North Latitude 31° 30 Longitude 67° 10,confident,NA,NA,NA,NA,31.3,not mentioned,-67.1,not mentioned,NA,NA,NA,no letter,NA,NA,WSW,NA,NA,pleasant,NA,NA,NA,NA,NA,NA,NA,NA,NA,NA,DD,assumed that longitude is W,,AS
04/25/1876,April,The wind South West. fresh breeze at 4 PM heavy rain squalls took in both royals and both topgallant sails at 8 AM the wind W.N.W reefed fore and main topsail Lat 33° 42 Long 67° 10,confident,NA,NA,NA,NA,33.42,not mentioned,-67.1,not mentioned,NA,NA,NA,no letter,NA,NA,WNW,SW,NA,NA,fresh breeze,NA,NA,heavy rain,NA,NA,NA,NA,NA,NA,DD,assumed that longitude is W,,AS
04/26/1876,April,The wind North West. fresh breeze at Noon wore ship and headed to the South West At 4 PM shook reefed out topsails. At 8 PM tacked ship to the south at midnight tacked ship Lat 35°13 Long 68°45,confident,NA,NA,NA,NA,35.13,not mentioned,-68.45,not mentioned,NA,NA,NA,no letter,NA,NA,NW,NA,NA,NA,fresh breeze,NA,NA,NA,NA,NA,NA,NA,NA,NA,DD,assumed that longitude is W,,AS
04/27/1876,April,The wind North West. fresh breeze at 4 AM reefed both topsails at noon shook out reefs at tacked ship. at 6 PM reefed the main topgallant sails at 10 PM Let fore top gallant sail Lat 34° 03 Long 69° 45,confident,NA,NA,NA,NA,34.03,not mentioned,-69.45,not mentioned,NA,NA,NA,no letter,NA,NA,NW,NA,NA,fresh breeze,NA,NA,NA,NA,NA,NA,NA,NA,NA,NA,DD,assumed that longitude is W,,AS
04/28/1876,April,The wind W.S.W. fresh breeze took in both top gallant sails and light sails & reefed topsails shiped heavy seas midnight the wind S.W. very heavy blow took in all sails except lower topsails and reen North Lat 35° 39 Long 69° 40,somewhat confident,NA,NA,NA,NA,35.39,not mentioned,-69.4,not mentioned,NA,NA,NA,no letter,NA,NA,WSW,NA,SW,fresh breeze,NA,very heavy blow,NA,NA,NA,NA,NA,NA,NA,NA,DD,"unsure in bold, assumed that longitude is W",,AS
04/29/1876,April,At 4 AM the wind North heavy rain wind more moderate set foresail & mansal reefed upper top sails & spanker. At 4 P.M. more moderate shook reef out main top gallant sail and set all sail Spokea Brig from NY Lor Bermuda Lat 34° 40 Long 70° 10,somewhat confident,NA,NA,NA,NA,34.4,not mentioned,-70.1,not mentioned,NA,NA,NA,no letter,NA,NA,N,NA,NA,more moderate,more moderate,NA,heavy rain,NA,NA,NA,NA,NA,NA,NA,DD,"unsure in bold (probably mainsail and lat and long hard to read, left side of page), assumed that longitude is W",,AS
04/30/1876,April,The wind South West. fresh breeze took in royals and reefed top gallant sail and fore & main topsails at night heavy rain with thunder and lightning furled mainsail The wind hauling N.W. Lat 38° 34 Long 70° 30,confident,NA,NA,NA,NA,38.34,not mentioned,-70.3,not mentioned,NA,NA,NA,no letter,NA,NA,SW,NA,NA,fresh breeze,NA,NA,NA,NA,"heavy rain, thunder, lightning",NA,NA,NA,NA,NA,DD,,,AS
05/01/1876,May,The wind North West at 4 AM furled upper fore topsail very heavy Sea at noon set mainsail at midnight shook reef out main topsail and fore topsail reefed the maintopgallant sail Lat 38° 15 Long 71° 30,confident,NA,NA,NA,NA,38.15,not mentioned,-71.3,not mentioned,NA,NA,NA,no letter,NA,NA,NW,NA,NA,NA,NA,NA,heavy sea,NA,NA,NA,NA,NA,NA,NA,DD,,,AS
05/02/1876,May,"The wind North West at 4 PM shook reef out main topgallant and set all sail at night calm Got up chains and shackeled on both bow anchors, Midnight the wind breezing up to the Eastward. Lat 39° 28 Long 71° 40",somewhat confident,NA,NA,NA,NA,39.28,not mentioned,-71.4,not mentioned,NA,NA,NA,no letter,NA,NA,NW,NA,W,NA,NA,"calm, breezing up",NA,NA,NA,NA,NA,NA,NA,NA,DD,unsure in bold,,AS
05/03/1876,May,The wind N.E. fresh breeze at 9 AM. reed Pilot. at 2 PM sighted the High land of Neversink Took tugboat and anchored in New York at 9 PM. Clear weather,somewhat confident,New York,mentioned,NA,NA,NA,NA,NA,NA,NA,NA,NA,no letter,NA,NA,NE,NA,NA,fresh breeze,NA,NA,NA,NA,clear,NA,NA,NA,NA,NA,DD,unsure in bold,,AS
05/04/1876,May,The wind South West Unbent sails. and towed into the wharf to discharge received 4 letter from home,somewhat confident,NA,NA,NA,NA,NA,NA,NA,NA,NA,NA,NA,read,home,NA,SW,NA,NA,NA,NA,NA,NA,NA,NA,NA,NA,NA,NA,NA,DD,unsure in bold,,AS
05/05/1876,May,The wind South West ofpay wrote letter home,somewhat confident,NA,NA,NA,NA,NA,NA,NA,NA,NA,NA,NA,write,NA,home,SW,NA,NA,NA,NA,NA,NA,NA,NA,NA,NA,NA,NA,NA,DD,unsure in bold,,AS
05/06/1876,May,very moderate all day get paid of from the Bank Leekalet and got a discharge. before the Shipping Commssuing ,somewhat confident,NA,NA,NA,NA,NA,NA,NA,NA,NA,NA,NA,no letter,NA,NA,NA,NA,NA,NA,NA,NA,very moderate,very moderate,very moderate,NA,NA,NA,NA,NA,DD,unsure in bold,,AS
05/07/1876,May,The wind South West and pleasant Sent two letters home with a check in each. respectivly $50. & $25.,confident,NA,NA,NA,NA,NA,NA,NA,NA,NA,NA,NA,no letter,NA,NA,SW,NA,NA,pleasant,NA,NA,NA,NA,NA,NA,NA,NA,NA,NA,DD,do we need to mention checks send somewhere?,,AS
05/08/1876,May,The wind Southerly Stopping on board the Bark Jeck alot,somewhat confident,NA,NA,NA,NA,NA,NA,NA,NA,NA,NA,NA,no letter,NA,NA,S,NA,NA,NA,NA,NA,NA,NA,NA,NA,NA,NA,NA,NA,DD,unsure in bold,,AS
05/09/1876,May,The wind North East. heavy rain untill noon wrote letter home.,confident,NA,NA,NA,NA,NA,NA,NA,NA,NA,NA,NA,write,NA,home,NE,NA,NA,NA,NA,NA,heavy rain,NA,NA,NA,NA,NA,NA,NA,DD,,,AS
05/10/1876,May,The wind South West,confident,NA,NA,NA,NA,NA,NA,NA,NA,NA,NA,NA,no letter,NA,NA,SW,NA,NA,NA,NA,NA,NA,NA,NA,NA,NA,NA,NA,NA,DD,,,AS
05/11/1876,May,The wind Southerly heavy rain at night wrote letter to J.F. Kinsley,somewhat confident,NA,NA,NA,NA,NA,NA,NA,NA,NA,NA,NA,write,NA,J. F. Kingsley,N,NA,NA,pleasant,NA,NA,NA,NA,heavy rain,NA,NA,NA,NA,NA,DD,unsure in bold,,AS
05/12/1876,May,The wind North pleasant,confident,NA,NA,NA,NA,NA,NA,NA,NA,NA,NA,NA,no letter,NA,NA,N,NA,NA,NA,NA,NA,NA,NA,NA,NA,NA,NA,NA,NA,DD,,,AS
05/13/1876,May,The wind Easterly and rainy all day Shiped on board the Schr Old Chad as mate.,confident,NA,NA,NA,NA,NA,NA,NA,NA,NA,NA,NA,no letter,NA,NA,E,E,E,NA,NA,NA,rainy,rainy,rainy,NA,NA,NA,NA,NA,DD,,,AS
05/14/1876,May,The wind North West and pleasant. Sent some books home by mail,confident,NA,NA,NA,NA,NA,NA,NA,NA,NA,NA,NA,no letter,NA,NA,NW,NA,NA,pleasant,NA,NA,NA,NA,NA,NA,NA,NA,NA,NA,DD,,,AS
05/15/1876,May,The wind Southerly Received freight as per argo Book. Wrote letter to Galen Smith,confident,NA,NA,NA,NA,NA,NA,NA,NA,NA,NA,NA,write,NA,Galen Smith,S,NA,NA,NA,NA,NA,NA,NA,NA,NA,NA,NA,NA,NA,DD,,,AS
05/16/1876,May,The wind North West finished loading wrote letters home and to J.F.Kingsley.,confident,NA,NA,NA,NA,NA,NA,NA,NA,NA,NA,NA,write,NA,"home, J. F. Kingsley",NW,NA,NA,NA,NA,NA,NA,NA,NA,NA,NA,NA,NA,NA,DD,,,AS
05/17/1876,May,The wind Southerly received shipstores & getting ready for sea wrote letter to Berli Smallidge,somewhat confident,NA,NA,NA,NA,NA,NA,NA,NA,NA,NA,NA,write,NA,Berli Smallidge,S,NA,NA,NA,NA,NA,NA,NA,NA,NA,NA,NA,NA,NA,DD,unsure in bold,,AS
05/18/1876,May,The wind South Easterly and rainy until noon hauled down the dock ready to sail wrote letter home.,confident,NA,NA,NA,NA,NA,NA,NA,NA,NA,NA,NA,write,NA,home,SE,NA,NA,NA,NA,NA,rainy,NA,NA,NA,NA,NA,NA,NA,DD,,,AS
05/19/1876,May,At 4 AM took tugboat and towed from the wharf and anchored on flats. lay at anchor all day Calm.,somewhat confident,NA,NA,NA,NA,NA,NA,NA,NA,NA,NA,NA,no letter,NA,NA,NA,NA,NA,calm,calm,calm,NA,NA,NA,NA,NA,NA,NA,NA,DD,unsure in bold,,AS
05/20/1876,May,The wind Easterly and pleasant got underway and went to sea bound For Cape Haiti took departure from the Highland of Neversink,somewhat confident,Cape Haitien,mentioned,NA,NA,NA,NA,NA,NA,NA,NA,NA,no letter,NA,NA,E,NA,NA,pleasant,NA,NA,NA,NA,NA,NA,NA,NA,NA,NA,DD,unsure in bold,,AS
05/21/1876,May,"The wind S.S.W fresh breeze Lat at noon 39° 10 Long "" "" 74° 15",confident,NA,NA,NA,NA,39.1,not mentioned,-74.15,not mentioned,NA,NA,NA,no letter,NA,NA,SSW,NA,NA,fresh breeze,NA,NA,NA,NA,NA,NA,NA,NA,NA,NA,DD," "" "" are meant for ""at noon"", assumed that longitude is W",,AS
05/22/1876,May,The wind South South West and overcast sun out at noon absalt  71° is Carecluadd 12  Cualt 72° 30 sub pom 90° 00 zenith dist 17° 30 Cor decadd 20° 33 Lat at noon 38° 03s,not confident,NA,NA,NA,NA,38.03,research,NA,NA,NA,NA,NA,no letter,NA,NA,SSW,NA,NA,NA,NA,NA,overcast,sun out,NA,NA,NA,NA,NA,NA,DD,,,AS
05/23/1876,May,The wind North fresh breeze Lat 36° 32 at 7 PM took in mainsail reefed it and set it. and stowed flying jet ,somewhat confident,NA,NA,NA,NA,36.32,not mentioned,NA,NA,NA,NA,NA,no letter,NA,NA,N,NA,NA,fresh breeze,NA,NA,NA,NA,NA,NA,NA,NA,NA,NA,DD,unsure in bold,,AS
05/24/1876,May,The wind North East good breeze and pleasant Set flying jib and reef out mainsail Lat 33° 54 Long 72° 23 ,somewhat confident,NA,NA,NA,NA,33.54,not mentioned,-72.23,not mentioned,NA,NA,NA,no letter,NA,NA,NE,NA,NA,"good breeze, pleasant",NA,NA,NA,NA,NA,NA,NA,NA,NA,NA,DD,"unsure in bold, assumed that longitude is W",,AS
05/25/1876,May,The wind North East. good breeze and pleasant Lat 31° 14 Long 71° 40 made all possible sail,confident,NA,NA,NA,NA,31.14,not mentioned,-71.4,not mentioned,NA,NA,NA,no letter,NA,NA,NE,NA,NA,"good breeze, pleasant",NA,NA,NA,NA,NA,NA,NA,NA,NA,NA,DD,assumed that longitude is W,,AS
05/26/1876,May,The wind from E.N.E to SSE afternoon rain squall Lat 29° 29 Long 71° 40,confident,NA,NA,NA,NA,29.29,not mentioned,-71.4,not mentioned,NA,NA,NA,no letter,NA,NA,ENE,SSE,NA,NA,NA,NA,NA,rain squall,NA,NA,NA,NA,NA,NA,DD,assumed that longitude is W,,AS
05/27/1876,May,The wind South East and pleasant Lat 24° 36 Long 71° 45,confident,NA,NA,NA,NA,24.36,not mentioned,-71.45,not mentioned,NA,NA,NA,no letter,NA,NA,SE,NA,NA,pleasant,NA,NA,NA,NA,NA,NA,NA,NA,NA,NA,DD,assumed that longitude is W,,AS
05/28/1876,May,The wind South East overcast no observation Latitude 25° 50 Longitude 72° 13 by dead reckoning rainy all afternoon.,confident,NA,NA,NA,NA,25.5,dead reckoning,-72.13,dead reckoning,NA,NA,NA,no letter,NA,NA,SE,NA,NA,NA,NA,NA,overcast,NA,NA,NA,NA,NA,NA,NA,DD,assumed that longitude is W,,AS
05/29/1876,May,"The wind S.E.by E. heavy sea running no observation Latitude by D.R. 24°10 Longitude "" "" 72° 24",confident,NA,NA,NA,NA,24.1,dead reckoning,-72.24,dead reckoning,NA,NA,NA,no letter,NA,NA,"SE, E",NA,NA,NA,NA,NA,heavy sea,NA,NA,NA,NA,NA,NA,NA,DD,""" "" means by D.R. , assumed that longitude is W",,AS
05/30/1876,May,"The wind Southerly rainy all day with thunder & lightning no observation Lat by dead R. 24° 10 Long "" "" "" 71: 05 at 3 PM took a squall from the North West. took in all but foresail",confident,NA,NA,NA,NA,24.1,dead reckoning,-71.05,dead reckoning,NA,NA,NA,no letter,NA,NA,S,NA,NA,NA,NA,NA,"rainy, thunder, lightning","rainy, thunder, lightning","rainy, thunder, lightning",NA,NA,NA,NA,NA,DD,""" "" "" means by dead R., assumed that longitude is W",,AS
05/31/1876,May,At 1 AM made stail The wind from Southe to. West South West.no observations Lat by Dr 23° 28 Long 70° 41,confident,NA,NA,NA,NA,23.28,dead reckoning,-70.41,dead reckoning,NA,NA,NA,no letter,NA,NA,"S, WSW",NA,NA,NA,NA,NA,NA,NA,NA,NA,NA,NA,NA,NA,DD,assumed that longitude is W,,AS
06/01/1876,June,The wind very moderate and baffling all day. showery in afternoon got good observations Lat at Noon 22° 33 Longitude noon 70° 20,confident,NA,NA,NA,NA,22.33,observation,-70.2,observation,NA,NA,NA,no letter,NA,NA,NA,NA,NA,"very moderate, baffling","very moderate, baffling","very moderate, baffling",NA,showery,NA,NA,NA,NA,NA,NA,DD,assumed that longitude is W,,AS
06/02/1876,June,The wind very moderate to the Eastward clear and hot Latitude 21° 58 Longitude 71° 02 the sun benig is the W. the zenth dis is sub fron declination at 7 PM sighted Turks Island light from mast head. solar dis 90 00 Sums alt -89 40 zenith dis   20 sunsdec 22 18 ---- 21°58,not confident,Turks and Caicos Islands,mentioned,NA,NA,21.58,research,-71.02,research,NA,NA,NA,no letter,NA,NA,W,NA,NA,very moderate,NA,NA,clear,NA,NA,NA,NA,NA,NA,NA,DD,,,AS
06/03/1876,June,The wind very moderate and baffling In Turks Island Passage borind Utrough to Cape Haiti St-Domingo Lat 21° 08 Long 71° 28,somewhat confident,"Turks Island Passage, Cape Haitien, Santo Domingo",mentioned,NA,NA,21.08,not mentioned,-71.28,not mentioned,NA,NA,NA,no letter,NA,NA,NA,NA,NA,"very moderate, baffling",NA,NA,NA,NA,NA,NA,NA,NA,NA,NA,DD,"unsure in bold, assumed that longitude is W",,AS
06/04/1876,June,The wind very moderate South East and very hot Sighted the Island of Haiti in morning. at noon Lat 20° 21 Long 72° 12 Course D. dis 32 miles tour intended Port.,somewhat confident,Haiti,mentioned,NA,NA,20.21,research,-72.12,research,NA,NA,NA,no letter,NA,NA,SE,NA,NA,very moderate,NA,NA,very hot,NA,NA,NA,NA,NA,NA,NA,DD,"unsure in bold, assumed that longitude is W",,AS
06/05/1876,June,The wind very moderate Easterly Arrived at Cape Haitien at one oclock PM at dark very heavy thunder storm,somewhat confident,Cape Haitien,mentioned,NA,NA,NA,NA,NA,NA,NA,NA,NA,no letter,NA,NA,E,NA,NA,very moderate,NA,NA,NA,NA,very heavy thunder storm,NA,NA,NA,NA,NA,DD,unsure in bold,,AS
06/06/1876,June,The wind variable commenced to discharge Cargo . m Lighters,somewhat confident,NA,NA,NA,NA,NA,NA,NA,NA,NA,NA,NA,no letter,NA,NA,NA,NA,NA,variable,NA,NA,NA,NA,NA,NA,NA,NA,NA,NA,DD,unsure in bold,,AS
06/07/1876,June,The wind very moderate and changable very hot Finished onloading. wrote letter home,confident,NA,NA,NA,NA,NA,NA,NA,NA,NA,NA,NA,write,NA,home,NA,NA,NA,"veru moderate, changable",NA,NA,very hot,NA,NA,NA,NA,NA,NA,NA,DD,,,AS
06/08/1876,June,The wind verymoderate. North East  andvery hot Ballast and getting ready for sea.,confident,NA,NA,NA,NA,NA,NA,NA,NA,NA,NA,NA,no letter,NA,NA,NE,NA,NA,very moderate,NA,NA,very hot,NA,NA,NA,NA,NA,NA,NA,DD,,,AS
06/09/1876,June,Calm in morning afternoon wind blowing could not get out,confident,NA,NA,NA,NA,NA,NA,NA,NA,NA,NA,NA,no letter,NA,NA,NA,NA,NA,calm,blowing,NA,NA,NA,NA,NA,NA,NA,NA,NA,DD,,,AS
06/10/1876,June,The wind South East and pleasant Good breeze got underway in morning and sailed for Baracoa Cuba ,confident,NA,NA,NA,NA,NA,NA,NA,NA,NA,NA,NA,no letter,NA,NA,SE,NA,NA,"pleasant, good breeze",NA,NA,NA,NA,NA,NA,NA,NA,NA,NA,DD,,,AS
06/11/1876,June,The wind Easterly fresh breeze anchored in Baracoa at 8 AM moored stern. wrote letter home,somewhat confident,Baracoa,mentioned,NA,NA,NA,NA,NA,NA,NA,NA,NA,no letter,NA,NA,E,NA,NA,fresh breeze,NA,NA,NA,NA,NA,NA,NA,NA,NA,NA,DD,unsure in bold,,AS
06/12/1876,June,The wind Easterly all day clar and hot Crew making chapting gear. Waiting for our turn to load.,somewhat confident,Baracoa,assumed,NA,NA,NA,NA,NA,NA,NA,NA,NA,no letter,NA,NA,E,E,E,NA,NA,NA,"clear, hot","clear, hot","clear, hot",NA,NA,NA,NA,NA,DD,unsure in bold,,AS
06/13/1876,June,Calm all day and very hot. took down main rigging to refit it and put up new cross tries.,somewhat confident,Baracoa,assumed,NA,NA,NA,NA,NA,NA,NA,NA,NA,no letter,NA,NA,NA,NA,NA,calm,calm,calm,very hot,very hot,very hot,NA,NA,NA,NA,NA,DD,unsure in bold,,AS
06/14/1876,June,The wind E.N.E moderate Employed in refitting the main rigging,confident,Baracoa,assumed,NA,NA,NA,NA,NA,NA,NA,NA,NA,no letter,NA,NA,ENE,NA,NA,moderate,NA,NA,NA,NA,NA,NA,NA,NA,NA,NA,DD,,,AS
06/15/1876,June,The wind Southerly Early in the morning remainder of the day N.E. got the main rigging back over the mast head,confident,Baracoa,assumed,NA,NA,NA,NA,NA,NA,NA,NA,NA,no letter,NA,NA,"S, NE",NA,NA,NA,NA,NA,NA,NA,NA,NA,NA,NA,NA,NA,DD,,,AS
06/16/1876,June,Wind variable Set up head gear and made new main boom topen lift,somewhat confident,Baracoa,assumed,NA,NA,NA,NA,NA,NA,NA,NA,NA,no letter,NA,NA,NA,NA,NA,NA,NA,NA,NA,NA,NA,NA,NA,NA,NA,NA,DD,"unsure in bold, was not sure how to put ""Wind variable"" ",,AS
06/17/1876,June,The wind Easterly. Set up fore and main rigging in fore noon took in one lighter load of ballast in afternoon,confident,Baracoa,assumed,NA,NA,NA,NA,NA,NA,1,load,ballast,no letter,NA,NA,E,NA,NA,NA,NA,NA,NA,NA,NA,NA,NA,NA,NA,NA,DD,,,AS
06/18/1876,June,The wind variable wrote letter home,confident,Baracoa,assumed,NA,NA,NA,NA,NA,NA,NA,NA,NA,write,NA,home,NA,NA,NA,NA,NA,NA,NA,NA,NA,NA,NA,NA,NA,NA,DD,"was not sure how to put ""Wind variable""",,AS
06/19/1876,June,The wind South East. Fresh breeze. Crew Employed squaring down main rigging,confident,Baracoa,assumed,NA,NA,NA,NA,NA,NA,NA,NA,NA,no letter,NA,NA,SE,NA,NA,fresh breeze,NA,NA,NA,NA,NA,NA,NA,NA,NA,NA,DD,,,AS
06/20/1876,June,The wind Easterly good breeze. Finished Squaring down main rigging. painted mast heads &e painted some on out side of vessel.,somewhat confident,Baracoa,assumed,NA,NA,NA,NA,NA,NA,NA,NA,NA,no letter,NA,NA,E,NA,NA,good breeze,NA,NA,NA,NA,NA,NA,NA,NA,NA,NA,DD,Unsure in bold,,AS
06/21/1876,June,The wind Easte South East painted water casks and painted some on deck. aslsso some on outside of vessel.,somewhat confident,Baracoa,assumed,NA,NA,NA,NA,NA,NA,NA,NA,NA,no letter,NA,NA,ESE,NA,NA,NA,NA,NA,NA,NA,NA,NA,NA,NA,NA,NA,DD,Unsure in bold (probably means also),,AS
06/22/1876,June,The wind Easterly Crew employed scraping painting &e,somewhat confident,Baracoa,assumed,NA,NA,NA,NA,NA,NA,NA,NA,NA,no letter,NA,NA,E,NA,NA,NA,NA,NA,NA,NA,NA,NA,NA,NA,NA,NA,DD,Unsure in bold (this one might mean etc.),,AS
06/23/1876,June,The wind Southerly in the Harbor afternoon hauled around to the East scraped foremast and laured jibslay,somewhat confident,Baracoa,assumed,NA,NA,NA,NA,NA,NA,NA,NA,NA,no letter,NA,NA,S,E,NA,NA,NA,NA,NA,NA,NA,NA,NA,NA,NA,NA,DD,Unsure in bold ,,AS
06/24/1876,June,This day cool with the wind from W.S.W. in the forenoon. Afternoon the wind hauled around to the East heavy thunder and lightning Crew variously employed.,confident,Baracoa,assumed,NA,NA,NA,NA,NA,NA,NA,NA,NA,no letter,NA,NA,WSW,E,NA,NA,NA,NA,cool,"heavy thunder, lightning",NA,NA,NA,NA,NA,NA,DD,,,AS
06/25/1876,June,The wind Southerly wrote letter home,confident,Baracoa,assumed,NA,NA,NA,NA,NA,NA,NA,NA,NA,write,NA,home,S,NA,NA,NA,NA,NA,NA,NA,NA,NA,NA,NA,NA,NA,DD,,,AS
06/26/1876,June,The wind Easterly at night heavy thunder showers Crew making chaffing gear,confident,Baracoa,assumed,NA,NA,NA,NA,NA,NA,NA,NA,NA,no letter,NA,NA,E,NA,NA,NA,NA,NA,NA,NA,"heavy thunder, showers",NA,NA,NA,NA,NA,DD,,,AS
06/27/1876,June,The wind South East. pleasant Filled watercasks and set up rigging,confident,Baracoa,assumed,NA,NA,NA,NA,NA,NA,NA,NA,NA,no letter,NA,NA,SE,NA,NA,NA,NA,NA,pleasant,NA,NA,NA,NA,NA,NA,NA,DD,,,AS
06/28/1876,June,The wind Easterly very hot. painted main deck,confident,Baracoa,assumed,NA,NA,NA,NA,NA,NA,NA,NA,NA,no letter,NA,NA,E,NA,NA,NA,NA,NA,very hot,NA,NA,NA,NA,NA,NA,NA,DD,,,AS
06/29/1876,June,The wind Easterly fresh breeze finished painting vessel.,confident,Baracoa,assumed,NA,NA,NA,NA,NA,NA,NA,NA,NA,no letter,NA,NA,E,NA,NA,fresh breeze,NA,NA,NA,NA,NA,NA,NA,NA,NA,NA,DD,,,AS
06/30/1876,June,The wind Easterly and cool trimed ballast ready for cargo,confident,Baracoa,assumed,NA,NA,NA,NA,NA,NA,NA,NA,NA,no letter,NA,NA,E,NA,NA,NA,NA,NA,cool,NA,NA,NA,NA,NA,NA,NA,DD,,,AS
07/01/1876,July,The wind E.S.East. Filled water casks and work on vessel. In the evening very heavy rain attended with thunder and lightning,somewhat confident,Baracoa,assumed,NA,NA,NA,NA,NA,NA,NA,NA,NA,no letter,NA,NA,ESE,NA,NA,NA,NA,NA,NA,"very heavy rain, thunder, lightning",NA,NA,NA,NA,NA,NA,DD,unsure in bold,,AS
07/02/1876,July,The wind East cool breeze blowing into the Harbor of Barbacoa. Commenced to board received 366 bunches of bananas,confident,Baracoa,mentioned,NA,NA,NA,NA,NA,NA,366,bunched,bananas,no letter,NA,NA,E,NA,NA,breeze,NA,NA,cool,NA,NA,NA,NA,NA,NA,NA,DD,,,AS
07/03/1876,July,The wind Easterly showery in morning at 9 am reed cargo at 4 P.M. all loaded,confident,NA,NA,NA,NA,NA,NA,NA,NA,NA,NA,NA,no letter,NA,NA,E,NA,NA,NA,NA,NA,showery,NA,NA,NA,NA,NA,NA,NA,DD,,,AS
07/04/1876,July,Clam in morning at 9 oclock Am the wind breezed up to the Eastward reed Pilot and went to sea at 10 am descharged Pilot made all possible sail bound to New York through Crooked Island passage. ,somewhat confident,"Crooked Island Passage, New York",mentioned,NA,NA,NA,NA,NA,NA,NA,NA,NA,no letter,NA,NA,W,NA,NA,"calm, breezed up",NA,NA,NA,NA,NA,NA,NA,NA,NA,NA,DD,unsure in bold,,AS
07/05/1876,July,This day begins with fresh trade winds Lat at noon 23 25 Longitude 74 21,confident,NA,NA,NA,NA,23.25,not mentioned,-74.21,not mentioned,NA,NA,NA,no letter,NA,NA,NA,NA,NA,fresh trade winds,NA,NA,NA,NA,NA,NA,NA,NA,NA,NA,DD,,,AS
07/06/1876,July,The wind Easterly Good breeze all sail set. Lat 26 36 Longitude by Dead reckoning 74° Long by observation 73° 17 supposeed the chronometer to be in Error ,confident,NA,NA,NA,NA,26.36,dead reckoning,-73.17,observation,NA,NA,NA,no letter,NA,NA,E,NA,NA,good breeze,NA,NA,NA,NA,NA,NA,NA,NA,NA,NA,DD,,,AS
07/07/1876,July,Nearly Calm all day and very hot Lat 27 55 Long same as yesterday 73° 17 by obs 74 00 by dead reck,confident,NA,NA,NA,NA,27.55,NA,-74,dead reckoning,NA,NA,NA,no letter,NA,NA,NA,NA,NA,nearly calm,nearly calm,nearly calm,very hot,very hot,very hot,NA,NA,NA,NA,NA,DD,,,AS
07/08/1876,July,The wind North West moderate. Lat 28 45 Longitude by obs 72 50 Longitude. DR 73 29 Evening rain squalls,confident,NA,NA,NA,NA,28.45,NA,-73.29,dead reckoning,NA,NA,NA,no letter,NA,NA,NW,NA,NA,moderate,NA,NA,NA,rain squall,NA,NA,NA,NA,NA,NA,DD,,,AS
07/09/1876,July,The wind Easterly in the morning rain squall at noon good observation Obs alt Sun 81 48 Correctino add    12 True altitude 82° 00 Larb from 90 00 zenith Dist 8° 18  Suns Declination 22 18 Latitude 30° 18N. Long 74° 48,somewhat confident,NA,NA,NA,NA,30.18,research,-74.48,research,NA,NA,NA,no letter,NA,NA,E,NA,NA,NA,NA,NA,NA,NA,NA,NA,NA,NA,NA,NA,DD,,,AS
07/10/1876,July,Nearly Calm all day and very hot Lat 31° 27 Long 73° 07 by Chronometer and 73 47 by dead reck,confident,NA,NA,NA,NA,31.27,not mentioned,-73.47,dead reckoning,NA,NA,NA,no letter,NA,NA,NA,NA,NA,nearly calm,nearly calm,nearly calm,very hot,very hot,very hot,NA,NA,NA,NA,NA,DD,,,AS
07/11/1876,July,Nearly Calm the whole 24 hours only made 27 miles dif of Latitude running N. by. W Course say to vessels. latitude 31° 54 North Longitude 73° 14 West. by D.R. 73 54,confident,NA,NA,NA,NA,31.54,not mentioned,-73.54,dead reckoning,NA,NA,NA,no letter,NA,NA,NA,NA,NA,nearly calm,nearly calm,nearly calm,NA,NA,NA,NA,NA,NA,NA,NA,DD,,,AS
07/12/1876,July,The wind very moderate to the westward Latitude 32° 43 Longitude 73° 27 Obs Dead Reckoning 74 07,not confident,NA,NA,NA,NA,32.43,not mentioned,-74.07,dead reckoning,NA,NA,NA,no letter,NA,NA,E,NA,NA,moderate,NA,NA,NA,NA,NA,NA,NA,NA,NA,NA,DD,,,AS
07/13/1876,July,The wind W by N. good breeze at noon Latitude 34 51 Longitude 73 38 saw a three masted schooner bound to the southward. at 10 PM heavy squall took in all but foresail midnight made all sail,confident,NA,NA,NA,NA,34.51,not mentioned,-73.38,NA,NA,NA,NA,no letter,NA,NA,WN,NA,NA,good breeze,NA,heavy squall,NA,NA,NA,NA,NA,NA,NA,NA,DD,,,AS
07/14/1876,July,The wind South West fine breeze and very smooth. Latitude 37° 29 Longitude 73° 51 by Obs by DR 74° 35,confident,NA,NA,NA,NA,37.29,not mentioned,-74.35,dead reckoning,NA,NA,NA,no letter,NA,NA,SW,NA,NA,"fine breeze, veru smooth",NA,NA,NA,NA,NA,NA,NA,NA,NA,NA,DD,,,AS
07/15/1876,July,The wind Westerly At 2 Am Sighted 5 fathom bank light slih bearing North in Longitude 74° 39W The Chronometer being in Error the difference. 48 miles and dead reckoning 4 miles Latitude 39° 11,confident,NA,NA,NA,NA,39.11,not mentioned,-74.39,not mentioned,NA,NA,NA,no letter,NA,NA,W,NA,NA,NA,NA,NA,NA,NA,NA,NA,NA,NA,NA,NA,DD,,,AS
07/16/1876,July,"The wind north East at 8 Am Abseum light house bore W by South Lat at noon 39° 30 Long "" "" 74° 11",somewhat confident,NA,NA,NA,NA,39.3,not mentioned,-74.11,not mentioned,NA,NA,NA,no letter,NA,NA,NE,NA,NA,NA,NA,NA,NA,NA,NA,NA,NA,NA,NA,NA,DD,"unsure in bold. "" "" means at noon.",,AS
07/17/1876,July,The wind South West Reed Pilot of Highlands of Neversink. Stoped at the Luarantine Ship to be fumergated. on account of Yellow fever at Barbacoa Arrived at the fruit dock in New York commenced discharging at 2 PM Received 5 letters from home ,somewhat confident,New York,mentioned,NA,NA,NA,NA,NA,NA,NA,NA,NA,no letter,NA,NA,SW,NA,NA,NA,NA,NA,NA,NA,NA,NA,NA,NA,NA,NA,DD,unsure in bold ,,AS
07/18/1876,July,The wind Southerly finished discharging fruit wrote letter home,confident,New York,assumed,NA,NA,NA,NA,NA,NA,NA,NA,NA,write,NA,home,S,NA,NA,NA,NA,NA,NA,NA,NA,NA,NA,NA,NA,NA,DD,,,AS
07/19/1876,July,Very moderate all day wrote letter to Mary AShaw,somewhat confident,New York,assumed,NA,NA,NA,NA,NA,NA,NA,NA,NA,write,NA,Mary A. Shaw,NA,NA,NA,very moderate,very moderate,very moderate,NA,NA,NA,NA,NA,NA,NA,NA,DD,unsure name in bold ,,AS
07/20/1876,July,The wind South East. Stay ing by bessel keeping Ship.,confident,New York,assumed,NA,NA,NA,NA,NA,NA,NA,NA,NA,write,NA,NA,SE,NA,NA,NA,NA,NA,NA,NA,NA,NA,NA,NA,NA,NA,DD,,,AS
07/21/1876,July,The wind Westerly. wrote letter to Thomas K Sharp Reed letter from Jennie F Kingsley,confident,New York,assumed,NA,NA,NA,NA,NA,NA,NA,NA,NA,read and write,J. F. Kingsley,Thomas K. Sharp,W,NA,NA,NA,NA,NA,NA,NA,NA,NA,NA,NA,NA,NA,DD,,,AS
07/22/1876,July,The wind Easterly wrote letter home ,confident,New York,assumed,NA,NA,NA,NA,NA,NA,NA,NA,NA,write,NA,home,E,NA,NA,NA,NA,NA,NA,NA,NA,NA,NA,NA,NA,NA,DD,,,AS
07/23/1876,July,The wind Westerly,confident,New York,assumed,NA,NA,NA,NA,NA,NA,NA,NA,NA,write,NA,NA,W,NA,NA,NA,NA,NA,NA,NA,NA,NA,NA,NA,NA,NA,DD,,,AS
07/24/1876,July,The wind Westerly took tug boat from Pier 19 East River and towed to Perth Ambroy to load with Coal for Boothbay,somewhat confident,New York,assumed,Pier 19 East River,mentioned,NA,NA,NA,NA,NA,NA,coal,write,NA,Perth Ambroy,W,NA,NA,NA,NA,NA,NA,NA,NA,NA,NA,NA,NA,NA,DD,unsure in bold,,AS
07/25/1876,July,The wind Westerly Fine breeze. Discharged ballast,confident,New York,assumed,NA,NA,NA,NA,NA,NA,1,NA,ballast,no letter,NA,NA,W,NA,NA,fine breeze,NA,NA,NA,NA,NA,NA,NA,NA,NA,NA,DD,,,AS
07/26/1876,July,The wind Westerly went into the wharf and loaded with coal and out again at 6 oclock PM,confident,New York,assumed,NA,NA,NA,NA,NA,NA,NA,NA,coal,no letter,NA,NA,W,NA,NA,NA,NA,NA,NA,NA,NA,NA,NA,NA,NA,NA,DD,,,AS
07/27/1876,July,The wind Easterly got underway and beat down as far as Sandy Hook and the wind hauled S.S.E. Passed Fire Island at 7. PM. Fresh breeze.,confident,"Sandy Hook, Fire Island",mentioned,NA,NA,NA,NA,NA,NA,NA,NA,NA,no letter,NA,NA,E,NA,NA,NA,NA,NA,NA,NA,NA,NA,NA,NA,NA,NA,DD,,,AS
07/28/1876,July,The wind S.S.E Passed Montauk light house at 6 Oclock A.M. and anchored in Vineyard Haven at 5 oclock O.M.,somewhat confident,"Montauk light house, Vineyard Haven",mentioned,NA,NA,NA,NA,NA,NA,NA,NA,NA,no letter,NA,NA,SSE,NA,NA,NA,NA,NA,NA,NA,NA,NA,NA,NA,NA,NA,DD,unsure un bold,,AS
07/29/1876,July,The wind S.S.E in the morning and rainy at 10 Am cleared up and the wind hauled S.W got underway. Passed Pollock Rip Light Ship at 3 P.M. the wind hauled to the Westward at dark calm,confident,Pollock Rip,mentioned,NA,NA,NA,NA,NA,NA,NA,NA,NA,no letter,NA,NA,"SSE, SW",E,NA,NA,calm,NA,cleared up,NA,NA,NA,NA,NA,NA,NA,DD,,,AS
07/30/1876,July,The wind Northerly Abrest Cape Cod Light House at One oclock Am the wind hauling to the Eastward In the Evening heavy rain Storm.,somewhat confident,Highland Light,mentioned,NA,NA,NA,NA,NA,NA,NA,NA,NA,no letter,NA,NA,N,NA,NA,NA,NA,NA,NA,NA,NA,NA,NA,NA,NA,NA,DD,unsure in bold,,AS
07/31/1876,July,The wind Easterly fresh breeze and heavy rain storm took in light sails. At 7 oclock Am Lighted Cape Elizabeth tacked ship the wind hauled to the Northward very moderate in the afternoon sunset calm abrest of Leguina at midnight,somewhat confident,Highland Light,mentioned,NA,NA,NA,NA,NA,NA,NA,NA,NA,no letter,NA,NA,E,NA,NA,fresh breeze,moderate,calm,heavy rain storm,NA,NA,NA,NA,NA,NA,NA,DD,unsure in bold,,AS
08/01/1876,August,Very moderate Northerly wind in the morning Arrived in Boothbay at 10 oclock in the forenoon ,confident,Boothbay Harbor,mentioned,NA,NA,NA,NA,NA,NA,NA,NA,NA,no letter,NA,NA,N,NA,NA,moderate,NA,NA,NA,NA,NA,NA,NA,NA,NA,NA,DD,,,AS
08/02/1876,August,Calm in morning took the Steamboat. Lamoset. and went to Bath arrived at 11.Am. At 4.P.M took the Cars and went to Rockland Stoped at the Lindsey House. over night wind Southerly PM,somewhat confident,Rockland,mentioned,Lindsey House,mentioned,NA,NA,NA,NA,NA,NA,NA,no letter,NA,NA,NA,S,NA,calm,NA,NA,NA,NA,NA,NA,NA,NA,NA,NA,DD,unsure in bold,,AS
08/03/1876,August,The wind South West took the Steamer Chas Houton in the morning for home. And arrived at one oclock P.M. from Rockland,somewhat confident,Winter Harbor,mentioned,Home,assumed,NA,NA,NA,NA,NA,NA,NA,no letter,NA,NA,SW,NA,NA,NA,NA,NA,NA,NA,NA,NA,NA,NA,NA,NA,DD,unsure in bold,,AS
08/04/1876,August,The wind Southerly Helped J. F. Kingsley apart of the day getting hay,somewhat confident,Winter Harbor,mentioned,"Home, J.F. Kingsley's, Home",assumed,NA,NA,NA,NA,NA,NA,NA,no letter,NA,NA,S,NA,NA,NA,NA,NA,NA,NA,NA,NA,NA,NA,NA,NA,DD,unsure in bold,,AS
08/05/1876,August,Very moderate Southerly attended Wharf meeting,confident,Winter Harbor,mentioned,"Home, Wharf meeting, Home",assumed,NA,NA,NA,NA,NA,NA,NA,no letter,NA,NA,S,NA,NA,very moderate,NA,NA,NA,NA,NA,NA,NA,NA,NA,NA,DD,,,AS
08/06/1876,August,The wind Southerly,confident,Winter Harbor,assumed,NA,NA,NA,NA,NA,NA,NA,NA,NA,no letter,NA,NA,S,NA,NA,NA,NA,NA,NA,NA,NA,NA,NA,NA,NA,NA,DD,,,AS
08/07/1876,August,Calm in morning The wind Southerly in the afternoon Attended district meeting for the purpose of determine the location of the school House,confident,Winter Harbor,mentioned,"Home, District Meeting, Home",assumed,NA,NA,NA,NA,NA,NA,NA,no letter,NA,NA,NA,S,NA,calm,NA,NA,NA,NA,NA,NA,NA,NA,NA,NA,DD,,,AS
08/08/1876,August,The wind W.N.W. Work in Shop cut sail for G. W. Tracy,confident,Winter Harbor,mentioned,"Home, Shop, Home",assumed,NA,NA,NA,NA,NA,NA,NA,no letter,NA,NA,WNW,NA,NA,NA,NA,NA,NA,NA,NA,NA,NA,NA,NA,NA,DD,,,AS
08/09/1876,August,The wind Westerly in the forenoon Southerly in afternoon Making Centreboard box for GW Tracy,confident,Winter Harbor,assumed,NA,NA,NA,NA,NA,NA,NA,NA,NA,no letter,NA,NA,W,S,NA,NA,NA,NA,NA,NA,NA,NA,NA,NA,NA,NA,DD,,,AS
08/10/1876,August,The wind Southerly made centre board for G.W. Tracy. dora In the afternoon went Somes Sound and back in the Steamer Charles Houton on Excurtion,confident,"Winter Harbor, Somes Sound, Winter Harbor",mentioned,NA,NA,NA,NA,NA,NA,NA,NA,NA,no letter,NA,NA,S,NA,NA,NA,NA,NA,NA,NA,NA,NA,NA,NA,NA,NA,DD,,,AS
08/11/1876,August,Fresh Southerly. made Spark for G.W. Tracy dora,confident,Winter Harbor,assumed,NA,NA,NA,NA,NA,NA,NA,NA,NA,no letter,NA,NA,S,NA,NA,fresh,NA,NA,NA,NA,NA,NA,NA,NA,NA,NA,DD,,,AS
08/12/1876,August,The wind Southerly and foggy work in shop,confident,Winter Harbor,mentioned,"Home, Shop, Home",assumed,NA,NA,NA,NA,NA,NA,NA,no letter,NA,NA,S,NA,NA,NA,NA,NA,foggy,NA,NA,NA,NA,NA,NA,NA,DD,,,AS
08/13/1876,August,The wind Southerly and foggy. ,confident,Winter Harbor,assumed,NA,NA,NA,NA,NA,NA,NA,NA,NA,no letter,NA,NA,S,NA,NA,NA,NA,NA,foggy,NA,NA,NA,NA,NA,NA,NA,DD,,,AS
08/14/1876,August,The wind Southerly and foggy. Commenced repairing dora for Alvin Foss. Work in the afternoon on T. H. Smallidge Barn,confident,Winter Harbor,mentioned,"Home, T. H. Smallidge's Barn, Home",assumed,NA,NA,NA,NA,NA,NA,NA,no letter,NA,NA,S,NA,NA,NA,NA,NA,foggy,NA,NA,NA,NA,NA,NA,NA,DD,,,AS
08/15/1876,August,The wind out and foggy. work all day on T.H. Smallidge barn,confident,Winter Harbor,mentioned,"Home, T. H. Smallidge's Barn, Home",assumed,NA,NA,NA,NA,NA,NA,NA,no letter,NA,NA,NA,NA,NA,wind out,wind out,wind out,foggy,NA,NA,NA,NA,NA,NA,NA,DD,,,AS
08/16/1876,August,The wind Northerly work on Alvin Foss dora,confident,Winter Harbor,assumed,NA,NA,NA,NA,NA,NA,NA,NA,NA,no letter,NA,NA,N,NA,NA,NA,NA,NA,NA,NA,NA,NA,NA,NA,NA,NA,DD,,,AS
08/17/1876,August,The wind out. and in the afternoon rainy. Turned out bed posts for D Brickford,confident,Winter Harbor,assumed,NA,NA,NA,NA,NA,NA,NA,NA,NA,no letter,NA,NA,NA,NA,NA,wind out,wind out,wind out,NA,rainy,NA,NA,NA,NA,NA,NA,DD,,,AS
08/18/1876,August,The wind out Southerly in afternoon foggy Fixed well bucket and work in shop ,confident,Winter Harbor,mentioned,"Home, Shop, Home",assumed,NA,NA,NA,NA,NA,NA,NA,no letter,NA,NA,S,NA,NA,NA,NA,NA,NA,foggy,NA,NA,NA,NA,NA,NA,DD,,,AS
08/19/1876,August,Very moderate Southerly work in shop,confident,Winter Harbor,mentioned,"Home, Shop, Home",assumed,NA,NA,NA,NA,NA,NA,NA,no letter,NA,NA,S,NA,NA,very moderate,NA,NA,NA,,NA,NA,NA,NA,NA,NA,DD,,,AS
08/20/1876,August,Calm and rainy in the forenoon in the afternoon the wind North West,confident,Winter Harbor,assumed,NA,NA,NA,NA,NA,NA,NA,NA,NA,no letter,NA,NA,NA,NW,NA,NA,calm,NA,NA,rainy,NA,NA,NA,NA,NA,NA,DD,,,AS
08/21/1876,August,The wind North West. work in the Shop turning with the wind mill,confident,Winter Harbor,mentioned,"Home, Shop, Home",assumed,NA,NA,NA,NA,NA,NA,NA,no letter,NA,NA,NW,NA,NA,NA,NA,NA,NA,NA,NA,NA,NA,NA,NA,NA,DD,,,AS
08/22/1876,August,The wind North West. work in shop turning for R. Rand,confident,Winter Harbor,mentioned,"Home, Shop, Home",assumed,NA,NA,NA,NA,NA,NA,NA,no letter,NA,NA,NW,NA,NA,NA,NA,NA,NA,NA,NA,NA,NA,NA,NA,NA,DD,,,AS
08/23/1876,August,The wind North West work in shop,confident,Winter Harbor,mentioned,"Home, Shop, Home",assumed,NA,NA,NA,NA,NA,NA,NA,no letter,NA,NA,NW,NA,NA,NA,NA,NA,NA,NA,NA,NA,NA,NA,NA,NA,DD,,,AS
08/24/1876,August,The wind Southerly made a wheel for Nm Ranss wheel. Larron,somewhat confident,Winter Harbor,assumed,NA,NA,NA,NA,NA,NA,NA,NA,NA,no letter,NA,NA,S,NA,NA,NA,NA,NA,NA,NA,NA,NA,NA,NA,NA,NA,DD,unsure in bold,,AS
08/25/1876,August,The wind Southerly made window frame for L.H. Smallidge,confident,Winter Harbor,assumed,NA,NA,NA,NA,NA,NA,NA,NA,NA,no letter,NA,NA,S,NA,NA,NA,NA,NA,NA,NA,NA,NA,NA,NA,NA,NA,DD,,,AS
08/26/1876,August,THe wind Westerly in the forenoon and South West in the afternoon went on turtle Island and got some fish of Alvin Foss,confident,"Winter Harbor, Turtle Island, Winter Harbor",mentioned,NA,NA,NA,NA,NA,NA,NA,NA,fish,no letter,NA,NA,W,SW,NA,NA,NA,NA,NA,NA,NA,NA,NA,NA,NA,NA,DD,,,AS
08/27/1876,August,The wind Westerly,confident,Winter Harbor,assumed,NA,NA,NA,NA,NA,NA,NA,NA,NA,no letter,NA,NA,W,NA,NA,NA,NA,NA,NA,NA,NA,NA,NA,NA,NA,NA,DD,,,AS
08/28/1876,August,The wind W.N.W. Port falde bottom. on fora for Alvin Foss and washed out some fish,somewhat confident,Winter Harbor,assumed,NA,NA,NA,NA,NA,NA,NA,NA,fish,no letter,NA,NA,WNW,NA,NA,NA,NA,NA,NA,NA,NA,NA,NA,NA,NA,NA,DD,unsure in bold,,AS
08/29/1876,August,The wind Westerly work in Shop,confident,Winter Harbor,mentioned,"Home, Shop, Home",assumed,NA,NA,NA,NA,NA,NA,NA,no letter,NA,NA,W,NA,NA,NA,NA,NA,NA,NA,NA,NA,NA,NA,NA,NA,DD,,,AS
08/30/1876,August,The wind Southerly work in Shop making window frames for T.H. Smallidge,confident,Winter Harbor,mentioned,"Home, Shop, Home",assumed,NA,NA,NA,NA,NA,NA,NA,no letter,NA,NA,S,NA,NA,NA,NA,NA,NA,NA,NA,NA,NA,NA,NA,NA,DD,,,AS
08/31/1876,August,Calm in the morning went to West Gouldsboro with a horse and got load of boat boards The wind Southerly in the afternoon.,confident,"Winder Harbor, West Gouldsboro, Winter Harbor",mentioned,NA,NA,NA,NA,NA,NA,1,load,boat boards,no letter,NA,NA,NA,S,NA,calm,NA,NA,NA,NA,NA,NA,NA,NA,NA,NA,DD,,,AS
09/01/1876,September,Calm all day work in Shop put pully on shaft for the Circular saw belt to run on. Heavy thunder and lightning in the night,confident,Winter Harbor,mentioned,"Home, Shop, Home",assumed,NA,NA,NA,NA,NA,NA,NA,no letter,NA,NA,NA,NA,NA,calm,calm,calm,NA,NA,"heavy thunder, lightning",NA,NA,NA,NA,NA,DD,,,AS
09/02/1876,September,The wind South East drizzling rain and foggy. in the afternoon The wind came to the westward fresh breeze run the wind mill.,confident,Winter Harbor,assumed,NA,NA,NA,NA,NA,NA,NA,NA,NA,no letter,NA,NA,SE,E,NA,NA,fresh breeze,NA,"drizzling rain, foggy",NA,NA,NA,NA,NA,NA,NA,DD,,,AS
09/03/1876,September,The wind W.N.W.,confident,Winter Harbor,mentioned,"Home, T. H. Smallidge's Barn, Home",mentioned,NA,NA,NA,NA,NA,NA,NA,no letter,NA,NA,WNW,NA,NA,NA,NA,NA,NA,NA,NA,NA,NA,NA,NA,NA,DD,,,AS
09/04/1876,September,The wind South West work on T. H. Smallidges barn all day,confident,Winter Harbor,mentioned,"Home, T. H. Smallidge's Barn, Home",mentioned,NA,NA,NA,NA,NA,NA,NA,no letter,NA,NA,SW,NA,NA,NA,NA,NA,NA,NA,NA,NA,NA,NA,NA,NA,DD,,,AS
09/05/1876,September,The wind W.N.W. work on barn for TH Smallidge,confident,Winter Harbor,mentioned,"Home, T. H. Smallidge's Barn, Home",mentioned,NA,NA,NA,NA,NA,NA,NA,no letter,NA,NA,WNW,NA,NA,NA,NA,NA,NA,NA,NA,NA,NA,NA,NA,NA,DD,,,AS
09/06/1876,September,The wind N.N.W. work on TH Smallidges barn,confident,Winter Harbor,mentioned,"Home, T. H. Smallidge's Barn, Home",mentioned,NA,NA,NA,NA,NA,NA,NA,no letter,NA,NA,NNW,NA,NA,NA,NA,NA,NA,NA,NA,NA,NA,NA,NA,NA,DD,,,AS
09/07/1876,September,The wind Southerly work repairing dora for Capt Wm Leavy,somewhat confident,Winter Harbor,assumed,NA,NA,NA,NA,NA,NA,NA,NA,NA,no letter,NA,NA,S,NA,NA,NA,NA,NA,NA,NA,NA,NA,NA,NA,NA,NA,DD,unsure in bold,,AS
09/08/1876,September,The wind S.S.E. work all day on T H Smallidges barn at night rainy made out deed of a piece of land sold to Mrs Magme,somewhat confident,Winter Harbor,mentioned,"Home, T. H. Smallidge's Barn, Home",mentioned,NA,NA,NA,NA,NA,NA,NA,no letter,NA,NA,SSE,NA,NA,NA,NA,NA,NA,NA,rainy,NA,NA,NA,NA,NA,DD,unsure in bold,,AS
09/09/1876,September,The wind North East work all day on JHS barn,confident,Winter Harbor,mentioned,"Home, JHS Barn, Home",mentioned,NA,NA,NA,NA,NA,NA,NA,no letter,NA,NA,NE,NA,NA,NA,NA,NA,NA,NA,NA,NA,NA,NA,NA,NA,DD,,,AS
09/10/1876,September,The wind Northerly,confident,Winter Harbor,assumed,NA,NA,NA,NA,NA,NA,NA,NA,NA,no letter,NA,NA,N,NA,NA,NA,NA,NA,NA,NA,NA,NA,NA,NA,NA,NA,DD,,,AS
09/11/1876,September,The wind South West. Went to State Election and worked 1/4 day on T.H. Smallidges barn,confident,Winter Harbor,mentioned,"Home, State Election, T. H. Smallidge's Barn, Home",mentioned,NA,NA,NA,NA,NA,NA,NA,no letter,NA,NA,SW,NA,NA,NA,NA,NA,NA,NA,NA,NA,NA,NA,NA,NA,DD,,,AS
09/12/1876,September,The wind Westerly work all day on T.H.Smallidges barn,confident,Winter Harbor,mentioned,"Home, T. H. Smallidge's Barn, Home",mentioned,NA,NA,NA,NA,NA,NA,NA,no letter,NA,NA,W,NA,NA,NA,NA,NA,NA,NA,NA,NA,NA,NA,NA,NA,DD,,,AS
09/13/1876,September,The wind Southerly worked 1/2 day on TH Smallidges barn,confident,Winter Harbor,mentioned,"Home, T. H. Smallidge's Barn, Home",mentioned,NA,NA,NA,NA,NA,NA,NA,no letter,NA,NA,S,NA,NA,NA,NA,NA,NA,NA,NA,NA,NA,NA,NA,NA,DD,,,AS
09/14/1876,September,The wind Southerly work in Shop  ,confident,Winter Harbor,mentioned,"Home, Shop, Home",mentioned,NA,NA,NA,NA,NA,NA,NA,no letter,NA,NA,S,NA,NA,NA,NA,NA,NA,NA,NA,NA,NA,NA,NA,NA,DD,,,AS
09/15/1876,September,The wind Southerly and rainy and at night foggy. work in shop,confident,Winter Harbor,mentioned,"Home, Shop, Home",mentioned,NA,NA,NA,NA,NA,NA,NA,no letter,NA,NA,S,NA,NA,NA,NA,NA,rainy,NA,foggy,NA,NA,NA,NA,NA,DD,,,AS
09/16/1876,September,The wind North West work in Shop. For myself,confident,Winter Harbor,mentioned,"Home, Shop, Home",mentioned,NA,NA,NA,NA,NA,NA,NA,no letter,NA,NA,NW,NA,NA,NA,NA,NA,NA,NA,NA,NA,NA,NA,NA,NA,DD,,,AS
09/17/1876,September,The wind South East,confident,Winter Harbor,assumed,NA,NA,NA,NA,NA,NA,NA,NA,NA,no letter,NA,NA,SE,NA,NA,NA,NA,NA,NA,NA,NA,NA,NA,NA,NA,NA,DD,,,AS
09/18/1876,September,The wind Easterly. fresh breeze and rainy work in Shop.,confident,Winter Harbor,mentioned,"Home, Shop, Home",mentioned,NA,NA,NA,NA,NA,NA,NA,no letter,NA,NA,E,NA,NA,fresh breeze,NA,NA,rainy,NA,NA,NA,NA,NA,NA,NA,DD,,,AS
09/19/1876,September,The wind Easterly fresh breeze and heavy rain all day. work in shop apart of the day. on boat.,confident,Winter Harbor,mentioned,"Home, Shop, Home",mentioned,NA,NA,NA,NA,NA,NA,NA,no letter,NA,NA,E,NA,NA,fresh breeze,fresh breeze,fresh breeze,heavy rain,heavy rain,heavy rain,NA,NA,NA,NA,NA,DD,,,AS
09/20/1876,September,The wind E.N.E and rainy all day work in shop on boat,confident,Winter Harbor,mentioned,"Home, Shop, Home",mentioned,NA,NA,NA,NA,NA,NA,NA,no letter,NA,NA,ENE,NA,NA,NA,NA,NA,rainy,rainy,rainy,NA,NA,NA,NA,NA,DD,,,AS
09/21/1876,September,The wind Easterly work in Shop,confident,Winter Harbor,mentioned,"Home, Shop, Home",mentioned,NA,NA,NA,NA,NA,NA,NA,no letter,NA,NA,E,NA,NA,NA,NA,NA,NA,NA,NA,NA,NA,NA,NA,NA,DD,,,AS
09/22/1876,September,The wind Southerly. work in shop building boat,somewhat confident,Winter Harbor,mentioned,"Home, Shop, Home",mentioned,NA,NA,NA,NA,NA,NA,NA,no letter,NA,NA,S,NA,NA,NA,NA,NA,NA,NA,NA,NA,NA,NA,NA,NA,DD,unsure in bold,,AS
09/23/1876,September,The wind Southerly work in Shop,confident,Winter Harbor,mentioned,"Home, Shop, Home",mentioned,NA,NA,NA,NA,NA,NA,NA,no letter,NA,NA,S,NA,NA,NA,NA,NA,NA,NA,NA,NA,NA,NA,NA,NA,DD,,,AS
09/24/1876,September,The wind Southerly,confident,Winter Harbor,assumed,NA,NA,NA,NA,NA,NA,NA,NA,NA,no letter,NA,NA,S,NA,NA,NA,NA,NA,NA,NA,NA,NA,NA,NA,NA,NA,DD,,,AS
09/25/1876,September,The wind very moderate Southerly work in Shop,confident,Winter Harbor,mentioned,"Home, Shop, Home",mentioned,NA,NA,NA,NA,NA,NA,NA,no letter,NA,NA,S,NA,NA,very moderate,NA,NA,NA,NA,NA,NA,NA,NA,NA,NA,DD,,,AS
09/26/1876,September,The wind Easterly work in Shop,confident,Winter Harbor,mentioned,"Home, Shop, Home",mentioned,NA,NA,NA,NA,NA,NA,NA,no letter,NA,NA,E,NA,NA,NA,NA,NA,NA,NA,NA,NA,NA,NA,NA,NA,DD,,,AS
09/27/1876,September,The wind E.S.East. heavy blow and rain work in Shop in forenoon went to West Gouldsboro and back.,confident,"Winter Harbor, West Gouldsboro, Winter Harbor",mentioned,"Home, Shop, Home",mentioned,NA,NA,NA,NA,NA,NA,NA,no letter,NA,NA,ESE,NA,NA,heavy blow,NA,NA,rain,NA,NA,NA,NA,NA,NA,NA,DD,,,AS
09/28/1876,September,The wind Southerly work in Shop,confident,Winter Harbor,mentioned,"Home, Shop, Home",mentioned,NA,NA,NA,NA,NA,NA,NA,no letter,NA,NA,S,NA,NA,NA,NA,NA,NA,NA,NA,NA,NA,NA,NA,NA,DD,,,AS
09/29/1876,September,The wind Southerly work in Shop,confident,Winter Harbor,mentioned,"Home, Shop, Home",mentioned,NA,NA,NA,NA,NA,NA,NA,no letter,NA,NA,S,NA,NA,NA,NA,NA,NA,NA,NA,NA,NA,NA,NA,NA,DD,,,AS
09/30/1876,September,Te wind Southerly work on place,confident,Winter Harbor,mentioned,NA,NA,NA,NA,NA,NA,NA,NA,NA,no letter,NA,NA,S,NA,NA,NA,NA,NA,NA,NA,NA,NA,NA,NA,NA,NA,DD,,,AS
10/01/1876,October,The wind Southerly,confident,Winter Harbor,assumed,NA,NA,NA,NA,NA,NA,NA,NA,NA,no letter,NA,NA,S,NA,NA,NA,NA,NA,NA,NA,NA,NA,NA,NA,NA,NA,DD,,,AS
10/02/1876,October,The wind South South West work in Shop on boat. was summons to appear at Ellsworth the 2nd tuesday in October as one of the Travers jury at the SP Court.,somewhat confident,Winter Harbor,mentioned,NA,NA,NA,NA,NA,NA,NA,NA,NA,no letter,NA,NA,SSW,NA,NA,NA,NA,NA,NA,NA,NA,NA,NA,NA,NA,NA,DD,unsure in bold,,AS
10/03/1876,October,The wind Southerly work in Shop on boat.,confident,Winter Harbor,assumed,NA,NA,NA,NA,NA,NA,NA,NA,NA,no letter,NA,NA,S,NA,NA,NA,NA,NA,NA,NA,NA,NA,NA,NA,NA,NA,DD,,,AS
10/04/1876,October,The wind South West fresh breeze. went down to turtle Isle gunning in forenoon. And in the afternoon went to work claplaeding TH Smallidges barn,somewhat confident,"Winter Harbor, Turtle Island, Winter Harbor",mentioned,"Home, T. H. Smallidge's Barn, Home",mentioned,NA,NA,NA,NA,NA,NA,NA,no letter,NA,NA,SW,NA,NA,fresh breeze,NA,NA,NA,NA,NA,NA,NA,NA,NA,NA,DD,unsure in bold ,,AS
10/05/1876,October,The wind Southerly worked on TH Smallidges barn 3 hours. began to rain and stoped work.,confident,Winter Harbor,assumed,"Home, T. H. Smallidge's Barn, Home",mentioned,NA,NA,NA,NA,NA,NA,NA,no letter,NA,NA,S,NA,NA,NA,NA,NA,rain,NA,NA,NA,NA,NA,NA,NA,DD,,,AS
10/06/1876,October,THe wind Southerly worked on TH Smallidges barn. 7 hours began to rain and went home,confident,Winter Harbor,assumed,"Home, T. H. Smallidge's Barn, Home",mentioned,NA,NA,NA,NA,NA,NA,NA,no letter,NA,NA,S,NA,NA,NA,NA,NA,rain,NA,NA,NA,NA,NA,NA,NA,DD,,,AS
10/07/1876,October,The wind Westerly worked one half day for TH Smallidge,confident,Winter Harbor,assumed,"Home, T. H. Smallidge's Barn, Home",mentioned,NA,NA,NA,NA,NA,NA,NA,no letter,NA,NA,W,NA,NA,NA,NA,NA,NA,NA,NA,NA,NA,NA,NA,NA,DD,,,AS
10/08/1876,October,The wind West,confident,Winter Harbor,assumed,NA,NA,NA,NA,NA,NA,NA,NA,NA,no letter,NA,NA,W,NA,NA,NA,NA,NA,NA,NA,NA,NA,NA,NA,NA,NA,DD,,,AS
10/09/1876,October,The wind Westerly Went to Ellsworth for the purpose of attending the Supreme Court as one of the jurry men stoped at City Holet,confident,"Winter Harbor, Ellsworth",mentioned,"City Hotel, Hancock County Superior Court, City Hotel",mentioned,NA,NA,NA,NA,NA,NA,NA,no letter,NA,NA,W,NA,NA,NA,NA,NA,NA,NA,NA,NA,NA,NA,NA,NA,DD,,,AS
10/10/1876,October,Wind Westerly. Went to Court House and took the Oath required by law discharged at 3 oclock PM for the day Changed boarding hours. to Mr. Woodmands,somewhat confident,Ellsworth,mentioned,"City Hotel, Hancock County Superior Court, City Hotel",assumed,NA,NA,NA,NA,NA,NA,NA,no letter,NA,NA,W,NA,NA,NA,NA,NA,NA,NA,NA,NA,NA,NA,NA,NA,DD,unsure in bold,,AS
10/11/1876,October,The wind Westerly. met according to adjourment and decided on a case of Amos Simpsons window V.S. Ambres Lmipsore in dispute of a peice of land adjourned at 7.30 PM Verdict in favor of Plantiff Wiswell for Plantiff Emery fo Sepert ,somewhat confident,Ellsworth,assumed,"City Hotel, Hancock County Superior Court, City Hotel",assumed,NA,NA,NA,NA,NA,NA,NA,no letter,NA,NA,W,NA,NA,NA,NA,NA,NA,NA,NA,NA,NA,NA,NA,NA,DD,unsure in bold,,AS
10/12/1876,October,The wind Westerly and pleasant Case of Mr. Biryen O.S. Mr. verdict in favor of defendent. Wiswell & Wiswell for plaintiff & Hale & Emery for defendent. Wrote letter home ,somewhat confident,Ellsworth,assumed,"City Hotel, Hancock County Superior Court, City Hotel",assumed,NA,NA,NA,NA,NA,NA,NA,write,NA,home,W,NA,NA,NA,NA,NA,NA,NA,NA,NA,NA,NA,NA,NA,DD,unsure in bold,,AS
10/13/1876,October,Verdict for plaintiff Nearly calm all day Case of Lewis A Joy V.S. Frank Grory about a disputed harness. Wm Joy for plaintiff JB Redmon for def Case of Fiske V.S. Cesgvod about a yok of oxen L.A. Emery for plaintiff Wiswell for def verdict for defendent,somewhat confident,Ellsworth,assumed,"City Hotel, Hancock County Superior Court, City Hotel",assumed,NA,NA,NA,NA,NA,NA,NA,no letter,NA,NA,NA,NA,NA,nearly calm,nearly calm,nearly calm,NA,NA,NA,NA,NA,NA,NA,NA,DD,unsure in bold,,AS
10/14/1876,October,Case of Emerton V. S Lawrence Wiswell for plaintiff Emery for defendent. verdict for Lawrence. First jurry dismissed at noon for the day. Wind out southerly and overcast at dark raining,confident,Ellsworth,assumed,"City Hotel, Hancock County Superior Court, City Hotel",assumed,NA,NA,NA,NA,NA,NA,NA,no letter,NA,NA,S,NA,NA,wind out,NA,NA,NA,"overcast, raining",NA,NA,NA,NA,NA,NA,DD,,,AS
10/15/1876,October,The wind North North East. moderate snow storm call day First Snow for the Season wrote letter home.,confident,Ellsworth,assumed,"City Hotel, Hancock County Superior Court, City Hotel",assumed,NA,NA,NA,NA,NA,NA,NA,write,NA,home,NNE,NA,NA,moderate,NA,NA,snow storm,NA,NA,NA,NA,NA,NA,NA,DD,,First snow! It's almost two months earlier than these days,AS
10/16/1876,October,The wind northerly. ground covered with snow. Trial of Millard & Lowell in Case of Larceny. The good stolen from the schr. zicave Fiske & Curtis owners and plaintiffs. L.A. Emery for plaintiff Geo.Peters for defendent. Verdict Gully Sentance 18 month Prison,somewhat confident,Ellsworth,assumed,"City Hotel, Hancock County Superior Court, City Hotel",assumed,NA,NA,NA,NA,NA,NA,NA,no letter,NA,NA,N,NA,NA,NA,NA,NA,NA,NA,NA,NA,NA,NA,NA,NA,DD,unsure in bold,,AS
10/17/1876,October,The wind westerly and warm all the snow melted. Trial of Lilas M. Dorr. V.S. Frederic Phofford Mr Emery for plaintiff Mr Haddock for defendent verdict for plaintiff,somewhat confident,Ellsworth,assumed,"City Hotel, Hancock County Superior Court, City Hotel",assumed,NA,NA,NA,NA,NA,NA,NA,no letter,NA,NA,W,NA,NA,NA,NA,NA,warm,NA,NA,NA,NA,NA,NA,NA,DD,unsure in bold,,AS
10/18/1876,October,The wind Northerly & pleasant No Trial cam before the Jury,confident,Ellsworth,assumed,"City Hotel, Hancock County Superior Court, City Hotel",assumed,NA,NA,NA,NA,NA,NA,NA,no letter,NA,NA,N,NA,NA,NA,NA,NA,pleasant,NA,NA,NA,NA,NA,NA,NA,DD,,,AS
10/19/1876,October,The wind Westerly met at 9 AM at the Court house the jury discharged and the Cout adj ourned Came home in the afternoon with N.H. Heiggins Jr.,somewhat confident,"Ellsworth, Winter Harbor",mentioned,"City Hotel, Hancock County Superior Court, City Hotel",assumed,NA,NA,NA,NA,NA,NA,NA,no letter,NA,NA,W,NA,NA,NA,NA,NA,NA,NA,NA,NA,NA,NA,NA,NA,DD,unsure in bold,,AS
10/20/1876,October,The wind Southerly went gunning with N.H. Higgins got 1 bird.,somewhat confident,Winter Harbor,assumed,NA,NA,NA,NA,NA,NA,1,NA,bird,no letter,NA,NA,S,NA,NA,NA,NA,NA,NA,NA,NA,NA,NA,NA,NA,NA,DD,unsure in bold,,AS
10/21/1876,October,The wind North East and foggy. Went gunning. with N.H. Higgins in forenoon got four birds.,confident,Winter Harbor,assumed,NA,NA,NA,NA,NA,NA,4,NA,bird,no letter,NA,NA,NE,NA,NA,NA,NA,NA,foggy,NA,NA,NA,NA,NA,NA,NA,DD,,,AS
10/22/1876,October,The wind South East and foggy,confident,Winter Harbor,assumed,NA,NA,NA,NA,NA,NA,NA,NA,NA,no letter,NA,NA,SE,NA,NA,NA,NA,NA,foggy,NA,NA,NA,NA,NA,NA,NA,DD,,,AS
10/23/1876,October,The wind S.S.East. and rainy in the forenoon work in shop on boat.,confident,Winter Harbor,assumed,"Home, Shop, Home",assumed,NA,NA,NA,NA,NA,NA,NA,no letter,NA,NA,SSE,NA,NA,NA,NA,NA,rainy,NA,NA,NA,NA,NA,NA,NA,DD,,,AS
10/24/1876,October,The wind South East and heavy rain allday painted the boat and finished work onher all ready to launch,confident,Winter Harbor,assumed,NA,NA,NA,NA,NA,NA,NA,NA,NA,no letter,NA,NA,SE,NA,NA,NA,NA,NA,heavy rain,NA,NA,NA,NA,NA,NA,NA,DD,,,AS
10/25/1876,October,The wind South West. Launched the boat. Went to District Mting,somewhat confident,Winter Harbor,assumed,District Meeting,mentioned,NA,NA,NA,NA,NA,NA,NA,no letter,NA,NA,SW,NA,NA,NA,NA,NA,NA,NA,NA,NA,NA,NA,NA,NA,DD,unsure in bold,,AS
10/26/1876,October,The wind Northerly work in shop,confident,Winter Harbor,assumed,"Home, Shop, Home",mentioned,NA,NA,NA,NA,NA,NA,NA,no letter,NA,NA,N,NA,NA,NA,NA,NA,NA,NA,NA,NA,NA,NA,NA,NA,DD,,,AS
10/27/1876,October,The wind North West. Cut boat sail and work in shop,confident,Winter Harbor,assumed,NA,NA,NA,NA,NA,NA,NA,NA,NA,no letter,NA,NA,NW,NA,NA,NA,NA,NA,NA,NA,NA,NA,NA,NA,NA,NA,DD,,,AS
10/28/1876,October,The wind North West work all day making boat sail,confident,Winter Harbor,assumed,NA,NA,NA,NA,NA,NA,NA,NA,NA,no letter,NA,NA,NW,NA,NA,NA,NA,NA,NA,NA,NA,NA,NA,NA,NA,NA,DD,,,AS
10/29/1876,October,The wind North West,confident,Winter Harbor,assumed,NA,NA,NA,NA,NA,NA,NA,NA,NA,no letter,NA,NA,NW,NA,NA,NA,NA,NA,NA,NA,NA,NA,NA,NA,NA,NA,DD,,,AS
10/30/1876,October,The wind North West raped boat sail,confident,Winter Harbor,assumed,NA,NA,NA,NA,NA,NA,NA,NA,NA,no letter,NA,NA,NW,NA,NA,NA,NA,NA,NA,NA,NA,NA,NA,NA,NA,NA,DD,,,AS
10/31/1876,October,The wind Southerly went gunning in forenoon,confident,Winter Harbor,assumed,NA,NA,NA,NA,NA,NA,NA,NA,NA,no letter,NA,NA,S,NA,NA,NA,NA,NA,NA,NA,NA,NA,NA,NA,NA,NA,DD,,,AS
11/01/1876,November,Moderate Southerly work all day around the School house.,confident,Winter Harbor,assumed,School house,mentioned,NA,NA,NA,NA,NA,NA,NA,no letter,NA,NA,S,NA,NA,moderate,NA,NA,NA,NA,NA,NA,NA,NA,NA,NA,DD,,,AS
11/02/1876,November,The wind Easterly and foggy made spars for the boat and bent the boat sail,confident,Winter Harbor,assumed,NA,NA,NA,NA,NA,NA,NA,NA,NA,no letter,NA,NA,E,NA,NA,NA,NA,NA,foggy,NA,NA,NA,NA,NA,NA,NA,DD,,,AS
11/03/1876,November,The wind Southerly work in shop ,confident,Winter Harbor,assumed,"Home, Shop, Home",assumed,NA,NA,NA,NA,NA,NA,NA,no letter,NA,NA,S,NA,NA,NA,NA,NA,NA,NA,NA,NA,NA,NA,NA,NA,DD,,,AS
11/04/1876,November,Very heavy Northerly winds went Gunning,confident,Winter Harbor,assumed,NA,NA,NA,NA,NA,NA,NA,NA,NA,no letter,NA,NA,N,NA,NA,heavy,NA,NA,NA,NA,NA,NA,NA,NA,NA,NA,DD,,,AS
11/05/1876,November,The wind Northerly. ,confident,Winter Harbor,assumed,NA,NA,NA,NA,NA,NA,NA,NA,NA,no letter,NA,NA,N,NA,NA,,NA,NA,NA,NA,NA,NA,NA,NA,NA,NA,DD,,,AS
11/06/1876,November,The wind North Easterly and moderate went gunning,confident,Winter Harbor,assumed,NA,NA,NA,NA,NA,NA,NA,NA,NA,no letter,NA,NA,NE,NA,NA,moderate,NA,NA,NA,NA,NA,NA,NA,NA,NA,NA,DD,,,AS
11/07/1876,November,The wind E.S.E heavy blow and big rain storm Went to Presidential election,confident,Winter Harbor,assumed,"Home, Presidential Election, Home",assumed,NA,NA,NA,NA,NA,NA,NA,no letter,NA,NA,ESE,NA,NA,heavy blow,NA,NA,big rain storm,NA,NA,NA,NA,NA,NA,NA,DD,,,AS
11/08/1876,November,The wind South South East. Fresh breeze and heavy rain work about home,confident,Winter Harbor,mentioned,Home,mentioned,NA,NA,NA,NA,NA,NA,NA,no letter,NA,NA,SSE,NA,NA,fresh breeze,NA,NA,heavy rain,NA,NA,NA,NA,NA,NA,NA,DD,,,AS
11/09/1876,November,The wind very moderate and overcast all day vary light air Northerly work about home,confident,Winter Harbor,mentioned,Home,mentioned,NA,NA,NA,NA,NA,NA,NA,no letter,NA,NA,N,N,N,very moderate,very moderate,very moderate,overcast,overcast,overcast,NA,NA,NA,NA,NA,DD,,,AS
11/10/1876,November,The wind North north. East. over cast and drizzling rain went gunning in forenoon work about home in the afternoon,confident,Winter Harbor,mentioned,Home,mentioned,NA,NA,NA,NA,NA,NA,NA,no letter,NA,NA,NNE,NA,NA,NA,NA,NA,"overcast, drizzling",NA,NA,NA,NA,NA,NA,NA,DD,,,AS
11/11/1876,November,The wind Easterly. foggy and drizzling rain. wrote Mortgage deed from Amaziah to Stephen Southard. In the afternoon Went to Bar Harbor in a boat to carry Elbridge Lyman over. came back at night. ,somewhat confident,"Winter Harbor, Bar Harbor, Winter Harbor",mentioned,NA,NA,NA,NA,NA,NA,NA,NA,NA,no letter,NA,NA,E,NA,NA,NA,NA,NA,"foggy, drizzling",NA,NA,NA,NA,NA,NA,NA,DD,unsure in bold,,AS
11/12/1876,November,"The wind Northerly, heavy rain all the forenoon in afternoon showery",confident,Winter Harbor,assumed,NA,assumed,NA,NA,NA,NA,NA,NA,NA,no letter,NA,NA,N,NA,NA,NA,NA,NA,heavy rain,showery,NA,NA,NA,NA,NA,NA,DD,,,AS
11/13/1876,November,The wind North work about home,confident,Winter Harbor,mentioned,Home,mentioned,NA,NA,NA,NA,NA,NA,NA,no letter,NA,NA,N,NA,NA,NA,NA,NA,NA,NA,NA,NA,NA,NA,NA,NA,DD,,,AS
11/14/1876,November,The wind Northerly wrote letter to E.V. Lynam worked apart of the forenoon for C. J.Guflill,somewhat confident,Winter Harbor,assumed,NA,NA,NA,NA,NA,NA,NA,NA,NA,write,NA,Capt E. V. Lynam,N,NA,NA,NA,NA,NA,NA,NA,NA,NA,NA,NA,NA,NA,DD,unsure in bold,,AS
11/15/1876,November,The wind North went gunning in forenoon. In the afternoon worked for G.W.Tracy on out buildings,confident,Winter Harbor,assumed,"Home, G.W. Tracy's Store, Home",mentioned,NA,NA,NA,NA,NA,NA,NA,no letter,NA,NA,N,NA,NA,NA,NA,NA,NA,NA,NA,NA,NA,NA,NA,NA,DD,,,AS
11/16/1876,November,The wind North North East. cold in morning Worked all day making flying jibboom for Schr. Black Warrior Reed letter from Wiswell & Wiswell,confident,Winter Harbor,assumed,NA,NA,NA,NA,NA,NA,NA,NA,NA,read,Wiswell and Wiswell,NA,NNE,NA,NA,NA,NA,NA,cold,NA,NA,NA,NA,NA,NA,NA,DD,unsure in bold,,AS
11/17/1876,November,The wind moderate N.E. in forenoon Calm in afternoon Worked one half day on G.W. Tracy's out buildings wrote letter to Wiswell & Wiswell,confident,Winter Harbor,assumed,"Home, G.W. Tracy's Store, Home",mentioned,NA,NA,NA,NA,NA,NA,NA,write,NA,Wiswell and Wiswell,NE,NA,NA,moderate,calm,NA,NA,NA,NA,NA,NA,NA,NA,NA,DD,unsure in bold,,AS
11/18/1876,November,The wind North East worked 1/2 day on out buildings for G.W. Tracy,confident,Winter Harbor,assumed,"Home, G.W. Tracy's Store, Home",mentioned,NA,NA,NA,NA,NA,NA,NA,no letter,NA,NA,NE,NA,NA,NA,NA,NA,NA,NA,NA,NA,NA,NA,NA,NA,DD,,,AS
11/19/1876,November,The wind Easterly went on board the Schr Henrietta and went to Rockland to buy coal and provisions for winter. arrived at five oclock P.M. and went into Atlantic wharf.,somewhat confident,"Winter Harbor, Rockland, Atlantic Wharf",mentioned,NA,NA,NA,NA,NA,NA,NA,NA,coal,no letter,NA,NA,E,NA,NA,NA,NA,NA,NA,NA,NA,NA,NA,NA,NA,NA,DD,unsure in bold,,AS
11/20/1876,November,The wind Easterly heavy blow laid at Atlantic wharf waiting for a channel to get into a berth to discharge wood.,somewhat confident,Atlantic Wharf,mentioned,NA,NA,NA,NA,NA,NA,NA,NA,wood,no letter,NA,NA,E,NA,NA,heavy blow,NA,NA,NA,NA,NA,NA,NA,NA,NA,NA,DD,unsure in bold,,AS
11/21/1876,November,The wind East North East over cast fresh breeze rainy by spells. To much wind to get into buth to discharge attended the Auction sale od Islands belonging to the State. Purchased Crow Island,confident,Atlantic Wharf,assumed,NA,NA,NA,NA,NA,NA,NA,NA,NA,no letter,NA,NA,ENE,NA,NA,fresh breeze,NA,NA,"overcast, rainy by spells",NA,NA,NA,NA,NA,NA,NA,DD,,,AS
11/22/1876,November,The wind North East and moderate. Got into the berth to discharge at high water in the afternoon and took off deckhand.,confident,Atlantic Wharf,assumed,NA,NA,NA,NA,NA,NA,NA,NA,NA,no letter,NA,NA,NE,NA,NA,moderate,NA,NA,NA,NA,NA,NA,NA,NA,NA,NA,DD,,,AS
11/23/1876,November,Calm and misty all day finished onloading vessel in the forenoon. And in the afternoon took in Coal provisions for winters use. and got ready for home,confident,Atlantic Wharf,assumed,NA,NA,NA,NA,NA,NA,NA,NA,coal,no letter,NA,NA,NA,NA,NA,calm,calm,calm,misty,misty,misty,NA,NA,NA,NA,NA,DD,,,AS
11/24/1876,November,The wind North East Started from the wharf at day light for home got heavy winds and went back. At 2 oclock in the afternoon got underway and went to Fox Island. under reefs wind North,confident,"Atlantic Wharf, Fox Island",mentioned,NA,NA,NA,NA,NA,NA,NA,NA,NA,no letter,NA,NA,NE,NA,NA,"light, heavy winds",NA,NA,NA,NA,NA,NA,NA,NA,NA,NA,DD,,,AS
11/25/1876,November,The wind North fresh breeze got underway at sunrise under reefs and got home at 2 oclock P.M.,confident,"Fox Island, Winter Harbor",mentioned,NA,NA,NA,NA,NA,NA,NA,NA,NA,no letter,NA,NA,N,NA,NA,fresh breeze,NA,NA,NA,NA,NA,NA,NA,NA,NA,NA,DD,,,AS
11/26/1876,November,The wind North fresh breeze,confident,Winter Harbor,assumed,NA,NA,NA,NA,NA,NA,NA,NA,NA,no letter,NA,NA,N,NA,NA,fresh breeze,NA,NA,NA,NA,NA,NA,NA,NA,NA,NA,DD,,,AS
11/27/1876,November,The wind North West hauled the Schr Henrietta into the wharf and took out coal and hauled it home.,confident,Winter Harbor,assumed,NA,NA,NA,NA,NA,NA,NA,NA,coal,no letter,NA,NA,NW,NA,NA,NA,NA,NA,NA,NA,NA,NA,NA,NA,NA,NA,DD,,,AS
11/28/1876,November,Heavy breeze to the Westward work in the shop,confident,Winter Harbor,assumed,"Home, Shop, Home",assumed,NA,NA,NA,NA,NA,NA,NA,no letter,NA,NA,E,NA,NA,heavy breeze,NA,NA,NA,NA,NA,NA,NA,NA,NA,NA,DD,,,AS
11/29/1876,November,The wind WNWest took Steamer Chas Hougton and went to S.W. Harbor with my wife. took a boat and went to North East Harbor.,somewhat confident,"Winter Harbor, Southwest Harbor, Northeast Harbor",mentioned,NA,NA,NA,NA,NA,NA,NA,NA,NA,no letter,NA,NA,WNW,NA,NA,NA,NA,NA,NA,NA,NA,NA,NA,NA,NA,NA,DD,unsure in bold,,AS
11/30/1876,November,The wind W North West took small boat and went to Cranberry Isles to see Capt Thomas Bunker Came back in the Evening.,confident,Cranberry Isles,mentioned,NA,NA,NA,NA,NA,NA,NA,NA,NA,no letter,NA,NA,WNW,NA,NA,NA,NA,NA,NA,NA,NA,NA,NA,NA,NA,NA,DD,,,AS
12/01/1876,December,The wind North West. moderate winds and cold,confident,NA,NA,NA,NA,NA,NA,NA,NA,NA,NA,NA,no letter,NA,NA,NW,NA,NA,moderate,NA,NA,cold,NA,NA,NA,NA,NA,NA,NA,DD,,,AS
12/02/1876,December,The wind Northerly moderate and snowy in forenoon,confident,NA,NA,NA,NA,NA,NA,NA,NA,NA,NA,NA,no letter,NA,NA,N,NA,NA,moderate,NA,NA,snowy,NA,NA,NA,NA,NA,NA,NA,DD,,,AS
12/03/1876,December,The wind North West and cold.,confident,NA,NA,NA,NA,NA,NA,NA,NA,NA,NA,NA,no letter,NA,NA,NW,NA,NA,NA,NA,NA,cold,NA,NA,NA,NA,NA,NA,NA,DD,,,AS
12/04/1876,December,The wind Northerly and Moderate,confident,NA,NA,NA,NA,NA,NA,NA,NA,NA,NA,NA,no letter,NA,NA,N,NA,NA,moderate,NA,NA,NA,NA,NA,NA,NA,NA,NA,NA,DD,,,AS
12/05/1876,December,The wind Westerly and moderate,confident,NA,NA,NA,NA,NA,NA,NA,NA,NA,NA,NA,no letter,NA,NA,W,NA,NA,moderate,NA,NA,NA,NA,NA,NA,NA,NA,NA,NA,DD,,,AS
12/06/1876,December,The wind South. West. Took Steamer Uelyses at South West Harbor and went to Sullivan and went home with my wife,confident,"Southwest Harbor, Sullivan, Winter Harbor",mentioned,NA,NA,NA,NA,NA,NA,NA,NA,NA,no letter,NA,NA,SW,NA,NA,NA,NA,NA,NA,NA,NA,NA,NA,NA,NA,NA,DD,,,AS
12/07/1876,December,The wind Westerly work in the afternoon for G.W. Tracy. wrote letter to Josiah Smallidge. and Hancock Citizen,confident,Winter Harbor,mentioned,NA,NA,NA,NA,NA,NA,NA,NA,NA,write,NA,"Josiah Smallidge, Hancock Citizen",W,NA,NA,NA,NA,NA,NA,NA,NA,NA,NA,NA,NA,NA,DD,,,AS
12/08/1876,December,The wind moderate westerly work at home in shop,confident,Winter Harbor,mentioned,"Home, Shop, Home",assumed,NA,NA,NA,NA,NA,NA,NA,no letter,NA,NA,W,NA,NA,moderate,NA,NA,NA,NA,NA,NA,NA,NA,NA,NA,DD,,,AS
12/09/1876,December,"The wind North East, and overcast in the afternoon snow storm. Reed deed of Crow Island. from state land agent. work at home in shop and putting besh around the house",somewhat confident,Winter Harbor,mentioned,"Home, Shop, Home",assumed,NA,NA,NA,NA,NA,NA,NA,no letter,NA,NA,NE,NA,NA,NA,NA,NA,"overcast, snow storm",NA,NA,NA,NA,NA,NA,NA,DD,unsure in bold,,AS
12/10/1876,December,The wind North West vary cold and blustering,somewhat confident,Winter Harbor,assumed,NA,NA,NA,NA,NA,NA,NA,NA,NA,no letter,NA,NA,NW,NA,NA,blustering,NA,NA,very cold,NA,NA,NA,NA,NA,NA,NA,DD,unsure in bold,,AS
12/11/1876,December,The wind moderate Northerly and cold,confident,Winter Harbor,assumed,NA,NA,NA,NA,NA,NA,NA,NA,NA,no letter,NA,NA,N,NA,NA,moderate,NA,NA,cold,NA,NA,NA,NA,NA,NA,NA,DD,,,AS
12/12/1876,December,The wind E.N. East. Snow storm all day work in shop.,confident,Winter Harbor,mentioned,"Home, Shop, Home",assumed,NA,NA,NA,NA,NA,NA,NA,no letter,NA,NA,ENE,NA,NA,NA,NA,NA,snow storm,snow storm,snow storm,NA,NA,NA,NA,NA,DD,,,AS
12/13/1876,December,Calm warm and pleasant in forenoon Fresh Southerly in afternoon. Went Clamming,confident,Winter Harbor,assumed,NA,NA,NA,NA,NA,NA,NA,NA,NA,no letter,NA,NA,S,NA,NA,calm,fresh,NA,"warm, pleasanr",NA,NA,NA,NA,NA,NA,NA,DD,,,AS
12/14/1876,December,Nearly Calm all day very moderate Southerly in afternoon,confident,Winter Harbor,assumed,NA,NA,NA,NA,NA,NA,NA,NA,NA,no letter,NA,NA,NA,S,NA,nearly calm,very moderate,NA,NA,NA,NA,NA,NA,NA,NA,NA,DD,,,AS
12/15/1876,December,The wind Westerly fresh breeze. work in shop.,confident,Winter Harbor,mentioned,"Home, Shop, Home",assumed,NA,NA,NA,NA,NA,NA,NA,no letter,NA,NA,W,NA,NA,fresh breeze,NA,NA,NA,NA,NA,NA,NA,NA,NA,NA,DD,,,AS
12/16/1876,December,The wind blew South West. in forenoon and W.N.W. in afternoon very heavy blow,confident,Winter Harbor,assumed,NA,NA,NA,NA,NA,NA,NA,NA,NA,no letter,NA,NA,SW,WNW,NA,NA,very heavy blow,NA,NA,NA,NA,NA,NA,NA,NA,NA,DD,,,AS
12/17/1876,December,The wind West. North. West. heavy breeze and very cold,confident,Winter Harbor,assumed,NA,NA,NA,NA,NA,NA,NA,NA,NA,no letter,NA,NA,WNW,NA,NA,heavy breeze,NA,NA,very cold,NA,NA,NA,NA,NA,NA,NA,DD,,,AS
12/18/1876,December,The wind Easterly sow storm in forenoon. rain in afternoon. work in shop making chair.,confident,Winter Harbor,mentioned,"Home, Shop, Home",assumed,NA,NA,NA,NA,NA,NA,NA,no letter,NA,NA,E,NA,NA,NA,NA,NA,snow storm,rain,NA,NA,NA,NA,NA,NA,DD,,,AS
12/19/1876,December,The wind Westerly and cold work about home,confident,Winter Harbor,mentioned,Home,mentioned,NA,NA,NA,NA,NA,NA,NA,no letter,NA,NA,W,NA,NA,NA,NA,NA,cold,NA,NA,NA,NA,NA,NA,NA,DD,,,AS
12/20/1876,December,The wind West S. West Finished making chair,confident,Winter Harbor,assumed,NA,NA,NA,NA,NA,NA,NA,NA,NA,no letter,NA,NA,WSW,NA,NA,NA,NA,NA,NA,NA,NA,NA,NA,NA,NA,NA,DD,,,AS
12/21/1876,December,The wind Northerly Snowing in afternoon,confident,Winter Harbor,assumed,NA,NA,NA,NA,NA,NA,NA,NA,NA,no letter,NA,NA,NW,NA,NA,NA,NA,NA,NA,NA,NA,NA,NA,NA,NA,NA,DD,,,AS
12/22/1876,December,The wind North North East went gunning on Turtle Island. snowing in forenoon,confident,"Winter Harbor, Turtle Island, Winter Harbor",assumed,NA,NA,NA,NA,NA,NA,NA,NA,NA,no letter,NA,NA,NNE,NA,NA,NA,NA,NA,snowing,NA,NA,NA,NA,NA,NA,NA,DD,,,AS
12/23/1876,December,The wind North North. E Snowy all day.,confident,Winter Harbor,assumed,NA,NA,NA,NA,NA,NA,NA,NA,NA,no letter,NA,NA,NNE,NA,NA,NA,NA,NA,snowy,snowy,snowy,NA,NA,NA,NA,NA,DD,,,AS
12/24/1876,December,The wind North West,confident,Winter Harbor,assumed,NA,NA,NA,NA,NA,NA,NA,NA,NA,no letter,NA,NA,NW,NA,NA,NA,NA,NA,NA,NA,NA,NA,NA,NA,NA,NA,DD,,,AS
12/25/1876,December,The wind North West. Helped J F Kingsley in forenoon fixry born. went to Christmas three in the Evening.,somewhat confident,Winter Harbor,mentioned,"Home, Christmas Tree, Home",assumed,NA,NA,NA,NA,NA,NA,NA,no letter,NA,NA,NW,NA,NA,NA,NA,NA,NA,NA,NA,NA,NA,NA,NA,NA,DD,unsure in bold,,AS
12/26/1876,December,Moderate. and calm all day warm. Had wooden wedding in the evening owing to the snow storm saturday it was put off.,confident,Winter Harbor,assumed,NA,NA,NA,NA,NA,NA,NA,NA,NA,no letter,NA,NA,NA,NA,NA,NA,NA,NA,NA,NA,NA,NA,NA,NA,NA,NA,DD,,,AS
12/27/1876,December,The wind North West moderate all day. put row locks on G.W. Tracy's dora,somewhat confident,Winter Harbor,assumed,NA,NA,NA,NA,NA,NA,NA,NA,NA,no letter,NA,NA,NW,NA,NA,moderate,moderate,moderate,NA,NA,NA,NA,NA,NA,NA,NA,DD,unsure in bold,,AS
12/28/1876,December,The wind Westerly work in shop turning wood the wind mill,somewhat confident,Winter Harbor,mentioned,"Home, Shop, Home",assumed,NA,NA,NA,NA,NA,NA,NA,no letter,NA,NA,W,NA,NA,NA,NA,NA,NA,NA,NA,NA,NA,NA,NA,NA,DD,unsure in bold,,AS
12/29/1876,December,Calm in the morning then the wind breezed up to the Eastward work at the door cutting fire wood. In the evening heavy snow and rain storm with high winds,somewhat confident,Winter Harbor,assumed,NA,NA,NA,NA,NA,NA,NA,NA,NA,no letter,NA,NA,NA,W,NA,calm,breezed up,high winds,NA,"heavy snow, rain storm",NA,NA,NA,NA,NA,NA,DD,unsure in bold,,AS
12/30/1876,December,The wind Southerly. with snow squalls. Westerly in afternoon. Work at home cutting wood. and turning Lounge legs in shop,confident,Winter Harbor,assumed,Home,assumed,NA,NA,NA,NA,NA,NA,NA,no letter,NA,NA,S,W,NA,NA,NA,NA,snow squalls,NA,NA,NA,NA,NA,NA,NA,DD,,,AS
12/31/1876,December,The wind Westerly and pleasant.,confident,Winter Harbor,assumed,NA,NA,NA,NA,NA,NA,NA,NA,NA,no letter,NA,NA,W,NA,NA,pleasant,NA,NA,NA,NA,NA,NA,NA,NA,NA,NA,DD,,,AS