date_mdy,month,journal_entry,transcription,location,location_accuracy,local_place,local_place_accuracy,latitude,latitude_origin,longitude,longitude_origin,quantity,unit,item,letter,letter_from,letter_to,wind_direction_am,wind_direction_pm,wind_direction_night,wind_speed_am,wind_speed_pm,wind_speed_night,weather_condition_am,weather_condition_pm,weather_condition_night,temperature_am,temperature_pm,temperature_night,image_path,image_description,recorder,notes,noteworthy,second_check
12/23/1871,December,Was married at home in evening by William Rand Esqr.,confident,Winter Harbor,mentioned,Home,mentioned,NA,NA,NA,NA,NA,NA,NA,no letter,NA,NA,NA,NA,NA,NA,NA,NA,NA,NA,NA,NA,NA,NA,NA,,NH,Esqr? Esquire,,"WD, EP"
12/24/1871,December,Went to meeting.,confident,NA,NA,NA,NA,NA,NA,NA,NA,NA,NA,NA,no letter,NA,NA,NA,NA,NA,NA,NA,NA,NA,NA,NA,NA,NA,NA,NA,,NH,to?,,EP
12/25/1871,December,Shooting match all day in the evening to Christmas tree at the Hall.,confident,Winter Harbor,assumed,Hall,mentioned,NA,NA,NA,NA,NA,NA,NA,no letter,NA,NA,NA,NA,NA,NA,NA,NA,NA,NA,NA,NA,NA,NA,NA,,NH,Christmas tree?,,"WD, EP"
12/26/1871,December,About home at work jobbing.,confident,Winter Harbor,mentioned,Home,mentioned,NA,NA,NA,NA,NA,NA,NA,no letter,NA,NA,NA,NA,NA,NA,NA,NA,NA,NA,NA,NA,NA,NA,NA,,NH,,,EP
12/27/1871,December,Work about home reed letter from N. H. Higgins Ins agt.,confident,Winter Harbor,mentioned,Home,mentioned,NA,NA,NA,NA,NA,NA,NA,read,N. H. Higgins,NA,NA,NA,NA,NA,NA,NA,NA,NA,NA,NA,NA,NA,NA,,NH,Check abbreviation. Name? Insurance Agreement (Ins agt?) or Ins agent?,,"WD, EP"
12/28/1871,December,Work about home.,confident,Winter Harbor,mentioned,Home,mentioned,NA,NA,NA,NA,NA,NA,NA,no letter,NA,Na,NA,NA,NA,NA,NA,NA,NA,NA,NA,NA,NA,NA,NA,,NH,,,EP 
12/29/1871,December,To work in shop.,confident,Winter Harbor,mentioned, Shop,mentioned,NA,NA,NA,NA,NA,NA,NA,no letter,NA,Na,NA,NA,NA,NA,NA,NA,NA,NA,NA,NA,NA,NA,NA,,NH,,,EP
12/30/1871,December,To work in shop.,confident,Winter Harbor,mentioned, Shop,mentioned,NA,NA,NA,NA,NA,NA,NA,no letter,NA,Na,NA,NA,NA,NA,NA,NA,NA,NA,NA,NA,NA,NA,NA,,NH,,,EP
12/31/1871,December,Went to meeting.,confident,Winter Harbor,assumed,NA,NA,NA,NA,NA,NA,NA,NA,NA,no letter,NA,Na,NA,NA,NA,NA,NA,NA,NA,NA,NA,NA,NA,NA,NA,,NH,,,EP
1/1/1872,January,Work in shop.,confident,Winter Harbor,mentioned,Shop,mentioned,NA,NA,NA,NA,NA,NA,NA,no letter,NA,Na,NA,NA,NA,NA,NA,NA,NA,NA,NA,NA,NA,NA,NA,,NH,,,EP
1/2/1872,January,Work in shop.,confident,Winter Harbor,mentioned,Shop,mentioned,NA,NA,NA,NA,NA,NA,NA,no letter,NA,Na,NA,NA,NA,NA,NA,NA,NA,NA,NA,NA,NA,NA,NA,,NH,,,EP
1/3/1872,January,Work in shop.,confident,Winter Harbor,mentioned,Shop,mentioned,NA,NA,NA,NA,NA,NA,NA,no letter,NA,Na,NA,NA,NA,NA,NA,NA,NA,NA,NA,NA,NA,NA,NA,,NH,,,EP
1/4/1872,January,Work in shop wrote a letter to N H Higgins Ellsworth one to Jordan & Blake,confident,"Winter Harbor, Ellsworth",mentioned,Shop,mentioned,NA,NA,NA,NA,NA,NA,NA,write,NA,"N. H. Higgins, Jordan & Blake",NA ,NA ,NA ,NA ,NA ,NA ,NA ,NA ,NA ,NA ,NA ,NA ,NA,,NH,"One to Jordan + Blake?, went to Ellsworth or sent the letter to Ellsworth?",,"WD, EP"
1/5/1872,January,Wrote a will for Benj Rand,confident,Winter Harbor,assumed,NA,NA,NA,NA,NA,NA,NA,NA,NA,write,NA,Benjamin Rand,NA ,NA ,NA ,NA ,NA ,NA ,NA ,NA ,NA ,NA ,NA ,NA ,NA,,NH,,,"WD, EP"
1/6/1872,January,Unwell took sweat at night.,confident,Winter Harbor,assumed,Home,assumed,NA,NA,NA,NA,NA,NA,NA,no letter,NA,NA,NA,NA,NA,NA,NA,NA,NA,NA,NA,NA,NA,NA,NA,,NH,Unwell took sweat at night,,EP
1/7/1872,January,Unwell staid in house.,confident,Winter Harbor,mentioned,Home,mentioned,NA,NA,NA,NA,NA,NA,NA,no letter,NA,NA,NA,NA,NA,NA,NA,NA,NA,NA,NA,NA,NA,NA,NA,,NH,,,EP
1/8/1872,January,Unwell staid in house.,confident,Winter Harbor,mentioned,Home,mentioned,NA,NA,NA,NA,NA,NA,NA,no letter,NA,NA,NA,NA,NA,NA,NA,NA,NA,NA,NA,NA,NA,NA,NA,,NH,,,EP
1/9/1872,January,Went to C. J. Guptills first time out since sat.,confident,Winter Harbor ,assumed,"Home, Charles J. Guptill's, Home",mentioned,NA,NA,NA,NA,NA,NA,NA,no letter,NA,NA,NA,NA,NA,NA,NA,NA,NA,NA,NA,NA,NA,NA,NA,,NH,Matches with records for Charles J Guptill,,"WD, EP"
1/10/1872,January,Work around home.,confident,Winter Harbor,mentioned,Home,mentioned,NA,NA,NA,NA,NA,NA,NA,no letter,NA,NA,NA,NA,NA,NA,NA,NA,NA,NA,NA,NA,NA,NA,NA,,NH,,,EP
1/11/1872,January,Went up the stream to pile up wood. ,confident,Winter Harbor,assumed,Up Stream,mentioned,NA,NA,NA,NA,NA,NA,NA,no letter,NA,NA,NA,NA,NA,NA,NA,NA,NA,NA,NA,NA,NA,NA,NA,,NH,,,EP
1/12/1872,January,About home wrote a letter to Amery Otis Ellsworth. Regs one to G H Loomes Ins. Agt. Portsmouth,confident,Winter Harbor,assumed,Home,mentioned,NA,NA,NA,NA,NA,NA,NA,write,NA,"Amery Otis, G H Loomes",NA,NA,NA,NA,NA,NA,NA,NA,NA,NA,NA,NA,NA,,NH,"Regs for register?, maybe G. N instead of G. H. ",,"WD, EP "
1/13/1872,January,Cleaning road and and cutting wood on home lot.,confident,Winter Harbor,mentioned,Home,mentioned,NA,NA,NA,NA,NA,NA,NA,no letter,NA,NA,NA,NA,NA,NA,NA,NA,NA,NA,NA,NA,NA,NA,NA,,NH,,,EP
1/14/1872,January,Went to Mrs. Lydia Biekford funeral.,confident,NA,NA,Cementary ,assumed,NA,NA,NA,NA,NA,NA,NA,no letter,NA,NA,NA,NA,NA,NA,NA,NA,NA,NA,NA,NA,NA,NA,NA,,NH,,,EP
1/15/1872,January,Cutting wood on home lot.,confident,Winter Harbor,mentioned,Home,mentioned,NA,NA,NA,NA,NA,NA,NA,no letter,NA,NA,NA,NA,NA,NA,NA,NA,NA,NA,NA,NA,NA,NA,NA,,NH,,,EP
1/16/1872,January,Whites landing cutting wood.,confident,Winter Harbor,assumed,Whites Landing,mentioned,NA,NA,NA,NA,NA,NA,NA,no letter,NA,NA,NA,NA,NA,NA,NA,NA,NA,NA,NA,NA,NA,NA,NA,,NH,,,EP
1/17/1872,January,Mending boots.,confident,NA,NA,NA,NA,NA,NA,NA,NA,NA,NA,NA,no letter,NA,NA,NA,NA,NA,NA,NA,NA,NA,NA,NA,NA,NA,NA,NA,,NH,,,"WD, EP"
1/18/1872,January,Cutting wood at Whites Landing. ,confident,Winter Harbor,assumed,Whites landing,mentioned,NA,NA,NA,NA,NA,NA,NA,no letter,NA,NA,NA,NA,NA,NA,NA,NA,NA,NA,NA,NA,NA,NA,NA,,NH,,,EP
1/19/1872,January,Cutting wood Whites Landing,confident,Winter Harbor,assumed,Whites landing,mentioned,NA,NA,NA,NA,NA,NA,NA,no letter,NA,NA,NA,NA,NA,NA,NA,NA,NA,NA,NA,NA,NA,NA,NA,,NH,,,EP
1/20/1872,January,Cleaning gun & rifle.,confident,NA,NA,NA,NA,NA,NA,NA,NA,NA,NA,NA,no letter,NA,NA,NA,NA,NA,NA,NA,NA,NA,NA,NA,NA,NA,NA,NA,,NH,,,EP
1/21/1872,January,Meeting forenoon Benj. Rands funeral afternoon,confident,NA,NA,NA,NA,NA,NA,NA,NA,NA,NA,NA,no letter,NA,NA,NA,NA,NA,NA,NA,NA,NA,NA,NA,NA,NA,NA,NA,,NH,,,"WD, EP"
1/22/1872,January,Boating and hauling wood,confident,NA,NA,NA,NA,NA,NA,NA,NA,NA,NA,NA,no letter,NA,NA,NA,NA,NA,NA,NA,NA,NA,NA,NA,NA,NA,NA,NA,,NH,,,EP
1/23/1872,January,Wrote a letter to Joseph Bunker C Isles. read one to Geo N Loomiss Ins Agt,confident,NA,NA,NA,NA,NA,NA,NA,NA,NA,NA,NA,read and write,George N. Loomis,Joseph Bunker,NA,NA,NA,NA,NA,NA,NA,NA,NA,NA,NA,NA,NA,,NH,,,EP
1/24/1872,January,Hewing sill and sleepers for shed floor,confident,Winter Harbor,assumed,NA,NA,NA,NA,NA,NA,NA,NA,NA,no letter,NA,NA,NA,NA,NA,NA,NA,NA,NA,NA,NA,NA,NA,NA,NA,,NH,,,"WD, EP"
1/25/1872,January,Laying shop floor,confident,Winter Harbor,mentioned,Shop,mentioned,NA,NA,NA,NA,NA,NA,NA,no letter,NA,NA,NA,NA,NA,NA,NA,NA,NA,NA,NA,NA,NA,NA,NA,,NH,,,EP
1/26/1872,January,Work in shop making improvements thereon ,confident,Winter Harbor,mentioned,Shop,mentioned,NA,NA,NA,NA,NA,NA,NA,no letter,NA,NA,NA,NA,NA,NA,NA,NA,NA,NA,NA,NA,NA,NA,NA,,NH,,,EP
1/27/1872,January,Work in shop,confident,Winter Harbor,mentioned,Shop,mentioned,NA,NA,NA,NA,NA,NA,NA,no letter,NA,NA,NA,NA,NA,NA,NA,NA,NA,NA,NA,NA,NA,NA,NA,,NH,,,EP
1/28/1872,January,Went to meeting ,confident,NA,NA,NA,NA,NA,NA,NA,NA,NA,NA,NA,no letter,NA,NA,NA,NA,NA,NA,NA,NA,NA,NA,NA,NA,NA,NA,NA,,NH,,,
1/29/1872,January,Wrote a letter to Jos. Bunker one to Hale ⌘Emery went up stream cutting wood,confident,Winter Harbor,assumed,Up Stream,mentioned,NA,NA,NA,NA,NA,NA,NA,write,NA,"Joseph Bunker,  Hale ⌘Emery",NA,NA,NA,NA,NA,NA,NA,NA,NA,NA,NA,NA,NA,,NH,Hale V. Emery insead of Hale ⌘Emery?,,"WD, EP"
1/30/1872,January,Cutting wood stopping at camp,confident,Winter Harbor,assumed,Camp,mentioned,NA,NA,NA,NA,NA,NA,NA,no letter,NA,NA,NA,NA,NA,NA,NA,NA,NA,NA,NA,NA,NA,NA,NA,,NH,,,EP
1/31/1872,January,Cuting wood stopping at camp,confident,Winter Harbor,assumed,Camp,mentioned,NA,NA,NA,NA,NA,NA,NA,no letter,NA,NA,NA,NA,NA,NA,NA,NA,NA,NA,NA,NA,NA,NA,NA,,NH,,,EP
2/1/1872,February,Came home from camp read a letter from Joseph Bunker & Emery,confident,Winter Harbor,mentioned,Home,mentioned,NA,NA,NA,NA,NA,NA,NA,read,"Joseph Bunker, Hale V. Emery",NA,NA,NA,NA,NA,NA,NA,NA,NA,NA,NA,NA,NA,NA,,NH,,,EP
2/2/1872,February,Work in shop wrote a letter to Joseph Bunker,confident,Winter Harbor,mentioned,Shop,mentioned,NA,NA,NA,NA,NA,NA,NA,write,NA,Joseph Bunker,NA,NA,NA,NA,NA,NA,NA,NA,NA,NA,NA,NA,NA,,NH,,,EP
2/3/1872,February,work in shop reed a letter from CC Burrill Ellsworth one from George N Loomis ,confident,Winter Harbor,mentioned,Shop,mentioned,NA,NA,NA,NA,NA,NA,NA,read,"Charles C. Burrill, George N Loomis",NA,NA,NA,NA,NA,NA,NA,NA,NA,NA,NA,NA,NA,NA,,NH,,,"WD, EP"
2/4/1872,February,Staid at home,confident,Winter Harbor,mentioned,Home,mentioned,NA,NA,NA,NA,NA,NA,NA,no letter,NA,NA,NA,NA,NA,NA,NA,NA,NA,NA,NA,NA,NA,NA,NA,,NH,,,EP
2/5/1872,February,Work in shop,confident,Winter Harbor,mentioned,Shop,mentioned,NA,NA,NA,NA,NA,NA,NA,no letter,NA,NA,NA,NA,NA,NA,NA,NA,NA,NA,NA,NA,NA,NA,NA,,NH,,,EP
2/6/1872,February,Work in shop,confident,Winter Harbor,mentioned,Shop,mentioned,NA,NA,NA,NA,NA,NA,NA,no letter,NA,NA,NA,NA,NA,NA,NA,NA,NA,NA,NA,NA,NA,NA,NA,,NH,,,EP
2/7/1872,February,Went arond with CC Burrill in the Insurance business Hilliard Guptill died in the morning,confident,NA,NA,NA,NA,NA,NA,NA,NA,NA,NA,NA,no letter,NA,NA,NA,NA,NA,NA,NA,NA,NA,NA,NA,NA,NA,NA,NA,,NH,,,"WD, EP"
2/8/1872,February,building lathe in shop,confident,Winter Harbor,mentioned,Shop,mentioned,NA,NA,NA,NA,NA,NA,NA,no letter,NA,NA,NA,NA,NA,NA,NA,NA,NA,NA,NA,NA,NA,NA,NA,,NH,,,"WD, EP"
2/9/1872,February,Work in shop,confident,Winter Harbor,mentioned,Shop,mentioned,NA,NA,NA,NA,NA,NA,NA,no letter,NA,NA,NA,NA,NA,NA,NA,NA,NA,NA,NA,NA,NA,NA,NA,,NH,,,EP
2/10/1872,February,Went to C Isles to buy boat in A. G. Brooks took dinner on board on supper & lodging at Joseph Bunkers,confident,Cranberry Isles,mentioned,Joseph Bunker's,mentioned,NA,NA,NA,NA,1,n,boat,no letter,NA,NA,NA,NA,NA,NA,NA,NA,NA,NA,NA,NA,NA,NA,NA,,NH,,,"WD,EP "
2/11/1872,February,Breakfast at Joseph Bunkers dinner at Enock Spirlings supper and lodging at John Bulgers,confident,Cranberry Isles,mentioned,"Joseph Bunker's, Enock Spirling's, John Bulger's",mentioned,NA,NA,NA,NA,NA,NA,NA,no letter,NA,NA,NA,NA,NA,NA,NA,NA,NA,NA,NA,NA,NA,NA,NA,,NH,,,"WD, EP"
2/12/1872,February,Came home in A G Brook very moderate all day,confident,"Cranberry Isles, Winter Harbor",mentioned,Home,mentioned,NA,NA,NA,NA,NA,NA,NA,no letter,NA,NA,NA,NA,NA,NA,NA,NA,NA,NA,NA,NA,NA,NA,NA,,NH,,,"WD, EP"
2/13/1872,February,work on lathe,confident,Winter Harbor,assumed,NA,NA,NA,NA,NA,NA,NA,NA,NA,no letter,NA,NA,NA,NA,NA,NA,NA,NA,NA,NA,NA,NA,NA,NA,NA,,NH,,,"WD, EP"
2/14/1872,February,finished work on lathe,confident,Winter Harbor,assumed,NA,NA,NA,NA,NA,NA,NA,NA,NA,no letter,NA,NA,NA,NA,NA,NA,NA,NA,NA,NA,NA,NA,NA,NA,NA,,NH,,,"WD,EP "
2/15/1872,February,made door steps for J. P. Joy.,confident,NA,NA,J.P. Joy's,mentioned,NA,NA,NA,NA,NA,NA,NA,no letter,NA,NA,NA,NA,NA,NA,NA,NA,NA,NA,NA,NA,NA,NA,NA,,NH,,,"WD,EP "
2/16/1872,February,mending furniture,confident,NA,NA,NA,NA,NA,NA,NA,NA,NA,NA,NA,no letter,NA,NA,NA,NA,NA,NA,NA,NA,NA,NA,NA,NA,NA,NA,NA,,NH,,,EP
2/17/1872,February,unwell unable to work,confident,Winter Harbor,assumed,Home,assumed,NA,NA,NA,NA,NA,NA,NA,no letter,NA,NA,NA,NA,NA,NA,NA,NA,NA,NA,NA,NA,NA,NA,NA,,NH,,,EP
2/18/1872,February,Went to W. Gouldsboro took supper & lodging with Edward Kingsley,confident,West Gouldsboro,mentioned,Edward Kingsley's ,mentioned,NA,NA,NA,NA,NA,NA,NA,no letter,NA,NA,NA,NA,NA,NA,NA,NA,NA,NA,NA,NA,NA,NA,NA,,NH,,,EP
2/19/1872,February,Breakfast dinner & tea with E Kingsley,confident,West Gouldsboro,mentioned,Edward Kingsley's ,mentioned,NA,NA,NA,NA,NA,NA,NA,no letter,NA,NA,NA,NA,NA,NA,NA,NA,NA,NA,NA,NA,NA,NA,NA,,NH,,,EP
2/20/1872,February,Went to Ellsworth stopped at City Hotel,confident,Ellsworth,mentioned,City Hotel,mentioned,NA,NA,NA,NA,NA,NA,NA,no letter,NA,NA,NA,NA,NA,NA,NA,NA,NA,NA,NA,NA,NA,NA,NA,,NH,,,EP
2/21/1872,February,Attend probate bount Entered will of B Rand Took dinner with CC Burrill came to Brasfreet,not confident,NA,NA,NA,NA,NA,NA,NA,NA,NA,NA,NA,no letter,NA,NA,NA,NA,NA,NA,NA,NA,NA,NA,NA,NA,NA,NA,NA,,NH,,,"WD,EP "
2/22/1872,February,Took breakfast with A Robinson came home,confident,Winter Harbor,mentioned,Home,mentioned,NA,NA,NA,NA,NA,NA,NA,no letter,NA,NA,NA,NA,NA,NA,NA,NA,NA,NA,NA,NA,NA,NA,NA,,NH,,,EP
2/23/1872,February,Work in shop,confident,Winter Harbor,mentioned,Shop,mentioned,NA,NA,NA,NA,NA,NA,NA,no letter,NA,NA,NA,NA,NA,NA,NA,NA,NA,NA,NA,NA,NA,NA,NA,,NH,,,EP
2/24/1872,February,Cutting wood at the door went to lodge of Good Templar in Evening,confident,Winter Harbor,mentioned,"Home, Lodge of  Good Templars",mentioned,NA,NA,NA,NA,NA,NA,NA,no letter,NA,NA,NA,NA,NA,NA,NA,NA,NA,NA,NA,NA,NA,NA,NA,,NH,,,EP
2/25/1872,February,Staid at home,confident,Winter Harbor,mentioned,Home,mentioned,NA,NA,NA,NA,NA,NA,NA,no letter,NA,NA,NA,NA,NA,NA,NA,NA,NA,NA,NA,NA,NA,NA,NA,,NH,,,EP
2/26/1872,February,Commenced work in Life Ins. with CC Burrill,confident,Winter Harbor,assumed,NA,NA,NA,NA,NA,NA,NA,NA,NA,no letter,NA,NA,NA,NA,NA,NA,NA,NA,NA,NA,NA,NA,NA,NA,NA,,NH,,,EP
2/27/1872,February,Seeking custom in the Ins busniness,confident,Winter Harbor,assumed,NA,NA,NA,NA,NA,NA,NA,NA,NA,no letter,NA,NA,NA,NA,NA,NA,NA,NA,NA,NA,NA,NA,NA,NA,NA,,NH,,,"WD, EP"
2/28/1872,February,The Same as the day before,confident,Winter Harbor,assumed,NA,NA,NA,NA,NA,NA,NA,NA,NA,no letter,NA,NA,NA,NA,NA,NA,NA,NA,NA,NA,NA,NA,NA,NA,NA,,NH,,,EP
2/29/1872,February,Insured the life of G. W. Tracy Endowment,confident,Winter Harbor,assumed,NA,NA,NA,NA,NA,NA,NA,NA,NA,no letter,NA,NA,NA,NA,NA,NA,NA,NA,NA,NA,NA,NA,NA,NA,NA,,NH,,,EP
3/1/1872,March,Went to W. Gouldboro working in the Insurance business,confident,West Gouldboro ,mentioned,NA,NA,NA,NA,NA,NA,NA,NA,NA,no letter,NA,NA,NA,NA,NA,NA,NA,NA,NA,NA,NA,NA,NA,NA,NA,,NH,,,EP
3/2/1872,March,Went to Ellsworth to see Mr Burrill and back home,confident,"Ellsworth, Winter Harbor",mentioned,Charles C. Burril's ,mentioned,NA,NA,NA,NA,NA,NA,NA,no letter,NA,NA,NA,NA,NA,NA,NA,NA,NA,NA,NA,NA,NA,NA,NA,,NH,,,EP
3/3/1872,March,Went to Flora Gerrish in Evening,confident,NA,NA,Flora Gerrish's ,mentioned,NA,NA,NA,NA,NA,NA,NA,no letter,NA,NA,NA,NA,NA,NA,NA,NA,NA,NA,NA,NA,NA,NA,NA,,NH,,,EP
3/4/1872,March,went to town meeing,confident,NA,NA,NA,NA,NA,NA,NA,NA,NA,NA,NA,no letter,NA,NA,NA,NA,NA,NA,NA,NA,NA,NA,NA,NA,NA,NA,NA,,NH,,,EP
3/5/1872,March,seeking business in Insurance,confident,NA,NA,NA,NA,NA,NA,NA,NA,NA,NA,NA,no letter,NA,NA,NA,NA,NA,NA,NA,NA,NA,NA,NA,NA,NA,NA,NA,,NH,,,EP
3/6/1872,March,same as yesterday,confident,NA,NA,NA,NA,NA,NA,NA,NA,NA,NA,NA,no letter,NA,NA,NA,NA,NA,NA,NA,NA,NA,NA,NA,NA,NA,NA,NA,,NH,,,EP
3/7/1872,March,same as fifth,confident,NA,NA,NA,NA,NA,NA,NA,NA,NA,NA,NA,no letter,NA,NA,NA,NA,NA,NA,NA,NA,NA,NA,NA,NA,NA,NA,NA,,NH,,,EP
3/8/1872,March,Went to Prospect in the Insurance business,confident,NA,NA,NA,NA,NA,NA,NA,NA,NA,NA,NA,no letter,NA,NA,NA,NA,NA,NA,NA,NA,NA,NA,NA,NA,NA,NA,NA,,NH,,,"WD, EP"
3/9/1872,March,Breakfast with H D Ciombs dinner with Albert Joy wrote letter to CC Burrill came home went to Lodge of Good Templars,confident,Winter Harbor,mentioned,Lodge of Good Templars,mentioned,NA,NA,NA,NA,NA,NA,NA,write,NA,Charles C. Burrill,NA,NA,NA,NA,NA,NA,NA,NA,NA,NA,NA,NA,NA,,NH,,,"WD, EP"
3/10/1872,March,Staid at home,confident,Winter Harbor,mentioned,Home,mentioned,NA,NA,NA,NA,NA,NA,NA,no letter,NA,NA,NA,NA,NA,NA,NA,NA,NA,NA,NA,NA,NA,NA,NA,,NH,,,EP
3/11/1872,March,Left the Ins Business wrote a letter to Dr. G. N. Harden,confident,NA,NA,NA,NA,NA,NA,NA,NA,NA,NA,NA,write,NA,Dr. G. N. Harden,NA,NA,NA,NA,NA,NA,NA,NA,NA,NA,NA,NA,NA,,NH,,,EP
3/12/1872,March,Went to I Hammonds to see Dr. Stockman,confident,Winter Harbor,assumed,I. Hammond's ,mentioned,NA,NA,NA,NA,NA,NA,NA,no letter,NA,NA,NA,NA,NA,NA,NA,NA,NA,NA,NA,NA,NA,NA,NA,,NH,might be Thomas Hammond ,,"WD, EP"
3/13/1872,March,Work in shop,confident,Winter Harbor,mentioned,Shop,mentioned,NA,NA,NA,NA,NA,NA,NA,no letter,NA,NA,NA,NA,NA,NA,NA,NA,NA,NA,NA,NA,NA,NA,NA,,NH,,,EP
3/14/1872,March,same as yesterday,confident,Winter Harbor,mentioned,Shop,mentioned,NA,NA,NA,NA,NA,NA,NA,no letter,NA,NA,NA,NA,NA,NA,NA,NA,NA,NA,NA,NA,NA,NA,NA,,NH,,,EP
3/15/1872,March,Jobbing read letter from G. N. Harden M D.  ,confident,Winter Harbor,assumed,NA,NA,NA,NA,NA,NA,NA,NA,NA,read,Dr. G. N. Harden ,NA,NA,NA,NA,NA,NA,NA,NA,NA,NA,NA,NA,NA,NA,,NH,,,EP
3/16/1872,March,Went to District meeting found it to be illegal went to Lodge of Good Templars in evening staid to A. J. Gerrishes all night,confident,Winter Harbor,mentioned,"District Meeting, Lodge of Good Templars,  A. J. Gerrish's",mentioned,NA,NA,NA,NA,NA,NA,NA,no letter,NA,NA,NA,NA,NA,NA,NA,NA,NA,NA,NA,NA,NA,NA,NA,,NH,,,EP
3/17/1872,March,breakfast at A. J. Gerrishes dinner with T. Smallidge,confident,Winter Harbor,mentioned,"A. J. Gerrishes',  Thomas Smallidge's",mentioned,NA,NA,NA,NA,NA,NA,NA,no letter,NA,NA,NA,NA,NA,NA,NA,NA,NA,NA,NA,NA,NA,NA,NA,,NH,,,EP
3/18/1872,March,work in shop on windmill,confident,Winter Harbor,mentioned,Shop,mentioned,NA,NA,NA,NA,NA,NA,NA,no letter,NA,NA,NA,NA,NA,NA,NA,NA,NA,NA,NA,NA,NA,NA,NA,,NH,,,Eo
3/19/1872,March,same as yesterday,confident,Winter Harbor,mentioned,Shop,mentioned,NA,NA,NA,NA,NA,NA,NA,no letter,NA,NA,NA,NA,NA,NA,NA,NA,NA,NA,NA,NA,NA,NA,NA,,NH,,,EP
3/20/1872,March,Went to W. Gouldsboro in the Insurance business took dinner with E Kingsley tea with H. Young Lodging Wm Joys,confident,West Gouldsboro,mentioned,"Edward Kingsley's, William Joy's  ",mentioned,NA,NA,NA,NA,NA,NA,NA,no letter,NA,NA,NA,NA,NA,NA,NA,NA,NA,NA,NA,NA,NA,NA,NA,,NH,,,EP
3/21/1872,March,Breakfast at Wm. Joys dinner at Same Woods wrote letter to CC Burrill came home,confident,"West Gouldsboro, Winter Harbor",mentioned,"William Joy's, Samuel Wood's",mentioned,NA,NA,NA,NA,NA,NA,NA,write,NA,Charles C. Burrill,NA,NA,NA,NA,NA,NA,NA,NA,NA,NA,NA,NA,NA,,NH,,,EP
3/22/1872,March,Work at home in shop,confident,Winter Harbor,mentioned,"Home,Shop",mentioned,NA,NA,NA,NA,NA,NA,NA,no letter,NA,NA,NA,NA,NA,NA,NA,NA,NA,NA,NA,NA,NA,NA,NA,,NH,,,EP
3/23/1872,March,went to Dristrict meeting,confident,NA,NA,District Meeting ,mentioned,NA,NA,NA,NA,NA,NA,NA,no letter,NA,NA,NA,NA,NA,NA,NA,NA,NA,NA,NA,NA,NA,NA,NA,,NH,,,EP
3/24/1872,March,Staid at home,confident,Winter Harbor,mentioned,Home,mentioned,NA,NA,NA,NA,NA,NA,NA,no letter,NA,NA,NA,NA,NA,NA,NA,NA,NA,NA,NA,NA,NA,NA,NA,,NH,,,EP
3/25/1872,March,work in shop,confident,Winter Harbor,mentioned,"Home, Shop, Home",mentioned,NA,NA,NA,NA,NA,NA,NA,no letter,NA,NA,NA,NA,NA,NA,NA,NA,NA,NA,NA,NA,NA,NA,NA,,NH,,,EP
3/26/1872,March,Read letter from CC Burrill went to West Gouldsboro in the Ins. Busi took tea with Edward Kingsley Lodging with Samuel Wood,confident,"Winter Harbor, West Gouldsboro",mentioned,Samuel Wood's ,mentioned,NA,NA,NA,NA,NA,NA,NA,read,Charles C. Burrill,NA,NA,NA,NA,NA,NA,NA,NA,NA,NA,NA,NA,NA,NA,,NH,,,EP
3/27/1872,March,Went to Prospect Harbor with CC Burrill took dinner with H D Coombs came home,confident,"West Gouldsboro, Prospect Harbor, Winter Harbor",mentioned,Home ,mentioned,NA,NA,NA,NA,NA,NA,NA,no letter,NA,NA,NA,NA,NA,NA,NA,NA,NA,NA,NA,NA,NA,NA,NA,,NH,,,EP
3/28/1872,March,Went to Prospect Harbor and back. ,confident,"Winter Harbor, Prospect Harbor, Winter Harbor ",mentioned,NA,NA,NA,NA,NA,NA,NA,NA,NA,no letter,NA,NA,NA,NA,NA,NA,NA,NA,NA,NA,NA,NA,NA,NA,NA,,NH,,,EP
3/29/1872,March,Went around with C. Burrill Trying to insure,confident,NA,NA,NA,NA,NA,NA,NA,NA,NA,NA,NA,no letter,NA,NA,NA,NA,NA,NA,NA,NA,NA,NA,NA,NA,NA,NA,NA,,NH,,,EP
3/30/1872,March,Reed letter from Geo W Tracy. Evening went to Lodge of Good Templars,confident,Winter Harbor,mentioned,Lodge of Good Templars,mentioned,NA,NA,NA,NA,NA,NA,NA,read,Geo W Tracy,NA,NA,NA,NA,NA,NA,NA,NA,NA,NA,NA,NA,NA,NA,,NH,,,EP
3/31/1872,March,Went to meeting took dinner wtih Thomas Smallidge,confident,NA,NA,NA,NA,NA,NA,NA,NA,NA,NA,NA,no letter,NA,NA,NA,NA,NA,NA,NA,NA,NA,NA,NA,NA,NA,NA,NA,,NH,,,EP
4/1/1872,April,In the Ins. wrote a letter to CC burrill one to Hale & Emery,confident,NA,NA,NA,NA,NA,NA,NA,NA,NA,NA,NA,write,NA,"Charles C. Burrill, Hale & Emery",NA,NA,NA,NA,NA,NA,NA,NA,NA,NA,NA,NA,NA,,NH,Hale V. Emery? ,,EP
4/2/1872,April,Work in shop on windmill,confident,Winter Harbor,mentioned,Shop,mentioned,NA,NA,NA,NA,NA,NA,NA,no letter,NA,NA,NA,NA,NA,NA,NA,NA,NA,NA,NA,NA,NA,NA,NA,,NH,,,EP
4/3/1872,April,Work in shop,confident,Winter Harbor,mentioned,Shop,mentioned,NA,NA,NA,NA,NA,NA,NA,no letter,NA,NA,NA,NA,NA,NA,NA,NA,NA,NA,NA,NA,NA,NA,NA,,NH,,,EP
4/4/1872,April,Work in shop,confident,Winter Harbor,mentioned,Shop,mentioned,NA,NA,NA,NA,NA,NA,NA,no letter,NA,NA,NA,NA,NA,NA,NA,NA,NA,NA,NA,NA,NA,NA,NA,,NH,,,EP
4/5/1872,April,Work in shop in forenoon afternoon went floundering,confident,Winter Harbor,mentioned,Shop,mentioned,NA,NA,NA,NA,NA,NA,NA,no letter,NA,NA,NA,NA,NA,NA,NA,NA,NA,NA,NA,NA,NA,NA,NA,,NH,,,EP
4/6/1872,April,Went to Turtle Isle. Eve went to Lodge recd letter from CC Burrill & Hale & Emery ,confident,"Winter Harbor, Turtle Isle, Winter Harbor",mentioned,Lodge of Good Templars,assumed,NA,NA,NA,NA,NA,NA,NA,read,"Charles C. Burrill, Hale & Emery",NA,NA,NA,NA,NA,NA,NA,NA,NA,NA,NA,NA,NA,NA,,NH,,,EP
4/7/1872,April,Wrote letter to Joseph Bunker went to meeting took dinner with Thomas smallidge,confident,NA,NA,NA,NA,NA,NA,NA,NA,NA,NA,NA,write,NA,Joseph Bunker,NA,NA,NA,NA,NA,NA,NA,NA,NA,NA,NA,NA,NA,,NH,,,EP
4/8/1872,April,Went to W. Gouldsboro wrote letter to Hale & Emery took dinner with John Shaw tea with Evett Young lodging with the same,somewhat confident,West Gouldsboro,mentioned,Evett Young's ,mentioned,NA,NA,NA,NA,NA,NA,NA,write,NA,Hale Emery ,NA,NA,NA,NA,NA,NA,NA,NA,NA,NA,NA,NA,NA,,NH,,,"WD, EP"
4/9/1872,April,breakfast with E. Young dinner with John Wood Supper & Lodging with Hannah Goodwin,confident,West Gouldsboro,mentioned,Hannah Goodwin's,mentioned,NA,NA,NA,NA,NA,NA,NA,no letter,NA,NA,NA,NA,NA,NA,NA,NA,NA,NA,NA,NA,NA,NA,NA,,NH,,,Ep
4/10/1872,April,Breakfast with Hannah G dinner wtih Dr. Johnson wrote letter to CC burrill supper and Lodging with Hannah Goodwin,confident,West Gouldsboro,mentioned,Hannah Goodwin's,mentioned,NA,NA,NA,NA,NA,NA,NA,write,NA,Charles C. Burrill,NA,NA,NA,NA,NA,NA,NA,NA,NA,NA,NA,NA,NA,,NH,,,EP
4/11/1872,April,Breakfast wtih Hannah G dinner with Stephen Kingsly reed letter from Hale Emery one from CC burrill came home,confident,"West Gouldsboro, Winter Harbor",mentioned,"Hannah Goodwin's, Home",mentioned,NA,NA,NA,NA,NA,NA,NA,read,"Hale Emery, Charles C. Burrill",NA,NA,NA,NA,NA,NA,NA,NA,NA,NA,NA,NA,NA,NA,,NH,,,EP
4/12/1872,April,Work in shop on windmill,confident,Winter Harbor,mentioned,Shop,mentioned,NA,NA,NA,NA,NA,NA,NA,no letter,NA,NA,NA,NA,NA,NA,NA,NA,NA,NA,NA,NA,NA,NA,NA,,NH,,,EP
4/13/1872,April,Same as yesterday,confident,Winter harbor ,mentioned,Shop,mentioned,NA,NA,NA,NA,NA,NA,NA,no letter,NA,NA,NA,NA,NA,NA,NA,NA,NA,NA,NA,NA,NA,NA,NA,,NH,,,EP
4/14/1872,April,Staid at home,confident,Winter harbor,mentioned,Home,mentioned,NA,NA,NA,NA,NA,NA,NA,no letter,NA,NA,NA,NA,NA,NA,NA,NA,NA,NA,NA,NA,NA,NA,NA,,NH,,,EP
4/15/1872,April,work in shop,confident,Winter Harbor,mentioned,Shop,mentioned,NA,NA,NA,NA,NA,NA,NA,no letter,NA,NA,NA,NA,NA,NA,NA,NA,NA,NA,NA,NA,NA,NA,NA,,NH,,,EP
4/16/1872,April,work on shop finished windmill,confident,Winter Harbor,mentioned,Shop,mentioned,NA,NA,NA,NA,NA,NA,NA,no letter,NA,NA,NA,NA,NA,NA,NA,NA,NA,NA,NA,NA,NA,NA,NA,,NH,,,EP
4/17/1872,April,work in shop,confident,Winter Harbor,mentioned,Shop,mentioned,NA,NA,NA,NA,NA,NA,NA,no letter,NA,NA,NA,NA,NA,NA,NA,NA,NA,NA,NA,NA,NA,NA,NA,,NH,,,EP
4/18/1872,April,went on Turtle Isle got pogrichum,confident,"Winter Harbor, Turtle Island",mentioned,NA,NA,NA,NA,NA,NA,NA,NA,pogrichum (fish),no letter,NA,NA,NA,NA,NA,NA,NA,NA,NA,NA,NA,NA,NA,NA,NA,,NH,,,EP
4/19/1872,April,went to Seal Cove in Same Knight dinner on board supper & Lodging John Smallidge,confident,Seal Cove,mentioned,John Smallidge's,mentioned,NA,NA,NA,NA,NA,NA,NA,no letter,NA,NA,NA,NA,NA,NA,NA,NA,NA,NA,NA,NA,NA,NA,NA,,NH,,,EP
4/20/1872,April,Went to C Isles in dora after boat mermaid work on boat the remainder of the day getting ready to go home,confident,Cranberry Isles,mentioned,NA,NA,NA,NA,NA,NA,NA,NA,NA,no letter,NA,NA,NA,NA,NA,NA,NA,NA,NA,NA,NA,NA,NA,NA,NA,,NH,,,EP
4/21/1872,April,breakfast with J. Bunker went to Suttons Isle took dinner with John Bulgers went to N.E. Harbor tea at Josiah Smallidge with my wife Lodging at Mrs Finley  ,confident,"Sutton Island, Northeast Harbor",mentioned,Mrs Finley's ,mentioned,NA,NA,NA,NA,NA,NA,NA,no letter,NA,NA,NA,NA,NA,NA,NA,NA,NA,NA,NA,NA,NA,NA,NA,,NH,,,EP
4/22/1872,April,breakfast at Mrs Finleys went to C Isles work on mermaid dinner supper Loding with Joseph Bunker,confident,"Northeast Harbor, Cranberry Isles",mentioned,Joseph Bunker's,mentioned,NA,NA,NA,NA,NA,NA,NA,no letter,NA,NA,NA,NA,NA,NA,NA,NA,NA,NA,NA,NA,NA,NA,NA,,NH,,,EP
4/23/1872,April,breakfast and dinner with J Bunker went to N.E. Harbor in mermaid supper and Lodging at Stephen Smallidge,confident,"Cramberry Isle, Northeast Harbor",mentioned,"Joseph Bunker's, Stephen Smallidge's ",mentioned,NA,NA,NA,NA,NA,NA,NA,no letter,NA,NA,NA,NA,NA,NA,NA,NA,NA,NA,NA,NA,NA,NA,NA,,NH,,,EP
4/24/1872,April,breakfast dinner supper and Lodging at Stephen Smallidge,confident,Northeast Harbor,mentioned,Stephan Smallidge's,mentioned,NA,NA,NA,NA,NA,NA,NA,no letter,NA,NA,NA,NA,NA,NA,NA,NA,NA,NA,NA,NA,NA,NA,NA,,NH,,,EP
4/25/1872,April,breakfast with S Smallidge came home in the mermaid,confident,"Northeast Harbor, Winter Harbor",mentioned,"Stephan Smallidge's, Home",mentioned,NA,NA,NA,NA,NA,NA,NA,no letter,NA,NA,NA,NA,NA,NA,NA,NA,NA,NA,NA,NA,NA,NA,NA,,NH,,,EP
4/26/1872,April,reed letter from C.C. Burrill wrote letter to CC Burrill one to Dr Johnson,confident,NA,NA,NA,NA,NA,NA,NA,NA,NA,NA,NA,read and write,Charles C. Burrill ,"Charles C. Burrill, Dr Johnson",NA,NA,NA,NA,NA,NA,NA,NA,NA,NA,NA,NA,NA,,NH,,,EP
4/27/1872,April,Work in shop went to Lodge of G. Templars,confident,Winter Harbor,mentioned,"Shop, Lodge of Good Templars",mentioned,NA,NA,NA,NA,NA,NA,NA,no letter,NA,NA,NA,NA,NA,NA,NA,NA,NA,NA,NA,NA,NA,NA,NA,,NH,,,EP
4/28/1872,April,Staid at home,confident,Winter Harbor,mentioned,Home,mentioned,NA,NA,NA,NA,NA,NA,NA,no letter,NA,NA,NA,NA,NA,NA,NA,NA,NA,NA,NA,NA,NA,NA,NA,,NH,,,EP
4/29/1872,April,commenced shingling roof of N M Hammonds house,confident,NA,NA,Nathan Hammond's ,mentioned,NA,NA,NA,NA,NA,NA,NA,no letter,NA,NA,NA,NA,NA,NA,NA,NA,NA,NA,NA,NA,NA,NA,NA,,NH,,,EP
4/30/1872,April,finished work on N M Hammonds house,confident,NA,NA,Nathan Hammond's ,mentioned,NA,NA,NA,NA,NA,NA,NA,no letter,NA,NA,NA,NA,NA,NA,NA,NA,NA,NA,NA,NA,NA,NA,NA,,NH,,,EP
5/1/1872,May,commenced work on boat mermaid tear of old gunnels,confident,NA,NA,NA,NA,NA,NA,NA,NA,NA,NA,NA,no letter,NA,NA,NA,NA,NA,NA,NA,NA,NA,NA,NA,NA,NA,NA,NA,,NH,,,EP
5/2/1872,May,Unbent boat sails and limed them,confident,NA,NA,NA,NA,NA,NA,NA,NA,NA,NA,NA,no letter,NA,NA,NA,NA,NA,NA,NA,NA,NA,NA,NA,NA,NA,NA,NA,,NH,,,EP
5/3/1872,May,Stormy work in shop making blocks for boat,confident,Winter Harbor,mentioned,Shop,mentioned,NA,NA,NA,NA,NA,NA,NA,no letter,NA,NA,NA,NA,NA,NA,NA,NA,stormy,stormy,stormy,NA,NA,NA,NA,,NH,,,EP
5/4/1872,May,Caulked one side of the bat went to Lodge of G. Templar,confident,Winter Harbor,mentioned,Lodge of Good Templars,mentioned,NA,NA,NA,NA,NA,NA,NA,no letter,NA,NA,NA,NA,NA,NA,NA,NA,NA,NA,NA,NA,NA,NA,NA,,NH,,,EP
5/5/1872,May,Staid at home,confident,Winter Harbor,mentioned,Home,mentioned,NA,NA,NA,NA,NA,NA,NA,no letter,NA,NA,NA,NA,NA,NA,NA,NA,NA,NA,NA,NA,NA,NA,NA,,NH,,,EP
5/6/1872,May,stormy work in shop,confident,Winter Harbor,mentioned,Shop,mentioned,NA,NA,NA,NA,NA,NA,NA,no letter,NA,NA,NA,NA,NA,NA,NA,NA,stormy,stormy,stormy,NA,NA,NA,NA,,NH,,,EP
5/7/1872,May,Caulk one side of boat,confident,NA,NA,NA,NA,NA,NA,NA,NA,NA,NA,NA,no letter,NA,NA,NA,NA,NA,NA,NA,NA,NA,NA,NA,NA,NA,NA,NA,,NH,,,EP
5/8/1872,May,bent boat sails,confident,NA,NA,NA,NA,NA,NA,NA,NA,NA,NA,NA,no letter,NA,NA,NA,NA,NA,NA,NA,NA,NA,NA,NA,NA,NA,NA,NA,,NH,,,EP
5/9/1872,May,painted cabin,confident,NA,NA,NA,NA,NA,NA,NA,NA,NA,NA,NA,no letter,NA,NA,NA,NA,NA,NA,NA,NA,NA,NA,NA,NA,NA,NA,NA,,NH,,,EP
5/10/1872,May,work in shop,confident,Winter Harbor,NA,Shop,mentioned,NA,NA,NA,NA,NA,NA,NA,no letter,NA,NA,NA,NA,NA,NA,NA,NA,NA,NA,NA,NA,NA,NA,NA,,NH,,,EP
5/11/1872,May,Reaving of rigging pulling on beak stays went to Lodge of Good Templars staid at Thomas Smallige all night,confident,Winter Harbor,mentioned,"Lodge of Good Templars, Thomas Smallige's ",mentioned,NA,NA,NA,NA,NA,NA,NA,no letter,NA,NA,NA,NA,NA,NA,NA,NA,NA,NA,NA,NA,NA,NA,NA,,NH,,,EP
5/12/1872,May,breakfast and dinner at Thomas Smallidges,confident,Winter Harbor ,mentioned,Thomas Smallidge's ,mentioned,NA,NA,NA,NA,NA,NA,NA,no letter,NA,NA,NA,NA,NA,NA,NA,NA,NA,NA,NA,NA,NA,NA,NA,,NH,,,EP
5/13/1872,May,had blacksmith workdone on boat carried E Bicklands bate mill home,somewhat confident,Winter Harbor,mentioned,Home,mentioned,NA,NA,NA,NA,NA,NA,NA,no letter,NA,NA,NA,NA,NA,NA,NA,NA,NA,NA,NA,NA,NA,NA,NA,,NH,,,"WD, EP"
5/14/1872,May,Went after Dr Johnson For J H Kingsley with C Stevens house,confident,NA,NA,NA,NA,NA,NA,NA,NA,NA,NA,NA,no letter,NA,NA,NA,NA,NA,NA,NA,NA,NA,NA,NA,NA,NA,NA,NA,,NH,,,"WD, EP"
5/15/1872,May,made out mortgage deed for F. P. Gerrish,confident,NA,NA,NA,NA,NA,NA,NA,NA,NA,NA,NA,no letter,NA,NA,NA,NA,NA,NA,NA,NA,NA,NA,NA,NA,NA,NA,NA,,NH,,,"WD, EP"
5/16/1872,May,work on boat putting on cleats &e,confident,NA,NA,NA,NA,NA,NA,NA,NA,NA,NA,NA,no letter,NA,NA,NA,NA,NA,NA,NA,NA,NA,NA,NA,NA,NA,NA,NA,,NH,,,"WD, EP"
5/17/1872,May,put sails on boat made one warranty deed for John Gerrish,confident,NA,NA,NA,NA,NA,NA,NA,NA,NA,NA,NA,no letter,NA,NA,NA,NA,NA,NA,NA,NA,NA,NA,NA,NA,NA,NA,NA,,NH,,,EP
5/18/1872,May,painted boat took dinner at J Smallidges reed letter from CC Burrill went to Lodge,confident,Winter Harbor,mentioned,"Josiah Smallidge's, Lodge of Good Templars",mentioned,NA,NA,NA,NA,NA,NA,NA,read,Charles C. Burrill,NA,NA,NA,NA,NA,NA,NA,NA,NA,NA,NA,NA,NA,NA,,NH,,,EP
5/19/1872,May,wrote letter to CC Burill,confident,NA,NA,NA,NA,NA,NA,NA,NA,NA,NA,NA,write,NA,Charles C. Burrill,NA,NA,NA,NA,NA,NA,NA,NA,NA,NA,NA,NA,NA,,NH,,,EP
5/20/1872,May,commented work for Portland Packing Lev. to smack lobsters,confident,NA,NA,NA,NA,NA,NA,NA,NA,NA,NA,NA,no letter,NA,NA,NA,NA,NA,NA,NA,NA,NA,NA,NA,NA,NA,NA,NA,,NH,,,EP
5/21/1872,May,Went to Lamoine got 5500 lbs lobsters brought to fueling,confident,Lamoine,mentioned,NA,NA,NA,NA,NA,NA,5500,lbs,Lobster,no letter,NA,NA,NA,NA,NA,NA,NA,NA,NA,NA,NA,NA,NA,NA,NA,,NH,,,EP
5/22/1872,May,Went to Hancock got 6540 lbs lobsters,confident,Hancock,mentioned,NA,NA,NA,NA,NA,NA,6540,lbs,Lobster,no letter,NA,NA,NA,NA,NA,NA,NA,NA,NA,NA,NA,NA,NA,NA,NA,,NH,,,EP
5/23/1872,May,Went to Lamoine got 2000 lbs lobsters,confident,Lamoine,mentioned,NA,NA,NA,NA,NA,NA,2000,lbs,Lobster,no letter,NA,NA,NA,NA,NA,NA,NA,NA,NA,NA,NA,NA,NA,NA,NA,,NH,,,EP
5/24/1872,May,Went to Sullivan got 6300 lbs lobsters,confident,Sullivan,mentioned,NA,NA,NA,NA,NA,NA,6300,lbs,Lobster,no letter,NA,NA,NA,NA,NA,NA,NA,NA,NA,NA,NA,NA,NA,NA,NA,,NH,,,EP
5/25/1872,May,Came home in boat,confident,Winter Harbor,mentioned,Home,mentioned,NA,NA,NA,NA,NA,NA,NA,no letter,NA,NA,NA,NA,NA,NA,NA,NA,NA,NA,NA,NA,NA,NA,NA,,NH,,,EP
5/26/1872,May,staid at home,confident,Winter Harbor,mentioned,Home,mentioned,NA,NA,NA,NA,NA,NA,NA,no letter,NA,NA,NA,NA,NA,NA,NA,NA,NA,NA,NA,NA,NA,NA,NA,,NH,,,EP
5/27/1872,May,Took 3900 lbs lobster to factory went to Lamoine,confident,"Winter Harbor, Lamoine",mentioned,Factory,mentioned,NA,NA,NA,NA,3900,lbs,Lobster,no letter,NA,NA,NA,NA,NA,NA,NA,NA,NA,NA,NA,NA,NA,NA,NA,,NH,,,EP
5/28/1872,May,Took 5400 lbs lobsters to factory,confident,Winter Harbor,mentioned,Factory,mentioned,NA,NA,NA,NA,5400,lbs,Lobster,no letter,NA,NA,NA,NA,NA,NA,NA,NA,NA,NA,NA,NA,NA,NA,NA,,NH,,,EP
5/29/1872,May,Went to Lamoine,confident,Lamoine,mentioned,NA,mentioned,NA,NA,NA,NA,NA,NA,NA,no letter,NA,NA,NA,NA,NA,NA,NA,NA,NA,NA,NA,NA,NA,NA,NA,,NH,,,EP
5/30/1872,May,Carried 6425 lbs lobsters to factory went up Skillings river,confident,"Winter Harbor, Skillings River",mentioned,Factory,mentioned,NA,NA,NA,NA,6425,lbs,Lobster,no letter,NA,NA,NA,NA,NA,NA,NA,NA,NA,NA,NA,NA,NA,NA,NA,,NH,,,EP
5/31/1872,May,Took 6400 lbs lobster to factory. went Crabtrees nook,confident,Winter Harbor,mentioned,"Factory, Crabtrees Nook",mentioned,NA,NA,NA,NA,NA,NA,NA,no letter,NA,NA,NA,NA,NA,NA,NA,NA,NA,NA,NA,NA,NA,NA,NA,,NH,,,EP
6/1/1872,June,Took 1700 lobsters to factory came home went to Lodge of G. Templars,confident,Winter Harbor,mentioned,"Factory, Home, Lodge of Good Templars",mentioned,NA,NA,NA,NA,1700,lbs,Lobster,no letter,NA,NA,NA,NA,NA,NA,NA,NA,NA,NA,NA,NA,NA,NA,NA,,NH,,,EP
6/2/1872,June,staid at home,confident,Winter Harbor,mentioned,Home,mentioned,NA,NA,NA,NA,NA,NA,NA,no letter,NA,NA,NA,NA,NA,NA,NA,NA,NA,NA,NA,NA,NA,NA,NA,,NH,,,EP
6/3/1872,June,Carried 1800 lbs lobsters to factory went to Lamoine,confident,"Winter Harbor, Lamoine, Winter Harbor",mentioned,Factory,mentioned,NA,NA,NA,NA,1800,lbs,Lobster,no letter,NA,NA,NA,NA,NA,NA,NA,NA,NA,NA,NA,NA,NA,NA,NA,,NH,,,EP
6/4/1872,June,Took 3960 lbs lobsters to factory,confident,Winter Harbor,mentioned,Factory,mentioned,NA,NA,NA,NA,3960,lbs,Lobster,no letter,NA,NA,NA,NA,NA,NA,NA,NA,NA,NA,NA,NA,NA,NA,NA,,NH,,,EP
6/5/1872,June,Went to Lamoine,confident,Lamoine,mentioned,NA,NA,NA,NA,NA,NA,NA,,,no letter,NA,NA,NA,NA,NA,NA,NA,NA,NA,NA,NA,NA,NA,NA,NA,,NH,,,EP
6/6/1872,June,Got 3675 lbs lobsters went to Hancock,confident,Hancock,mentioned,NA,NA,NA,NA,NA,NA,3675,lbs,Lobster,no letter,NA,NA,NA,NA,NA,NA,NA,NA,NA,NA,NA,NA,NA,NA,NA,,NH,,,EP
6/7/1872,June,Got 1500 lbs went to Hulls cove got 1755 lbs went to factory and back to Hancock,confident,"Hulls Cove, Winter Harbor, Hancock",mentioned,Factory,mentioned,NA,NA,NA,NA,1500,lbs,Lobster,no letter,NA,NA,NA,NA,NA,NA,NA,NA,NA,NA,NA,NA,NA,NA,NA,,NH,,,EP
6/8/1872,June,Took 1043 lbs lobsters to factory went to West Gouldsboro took dinner with John Shaw got some plank and went home,confident,"Winter Harbor, West Gouldsboro, Winter Harbor",mentioned,"Factory, Home",mentioned,NA,NA,NA,NA,1043,lbs,Lobster,no letter,NA,NA,NA,NA,NA,NA,NA,NA,NA,NA,NA,NA,NA,NA,NA,,NH,,,EP
6/9/1872,June,Went to Sunday School concert in evening,confident,Winter Harbor,assumed,Sunday School,mentioned,NA,NA,NA,NA,NA,NA,NA,no letter,NA,NA,NA,NA,NA,NA,NA,NA,NA,NA,NA,NA,NA,NA,NA,,NH,,,EP
6/10/1872,June,"Took 2132 lbs lobster to factory, went to Jordans river",confident,"Winter Harbor, Jordan River",mentioned,Factory ,mentioned,NA,NA,NA,NA,2132,lbs,Lobster,no letter,NA,NA,NA,NA,NA,NA,NA,NA,NA,NA,NA,NA,NA,NA,NA,,NH,,,EP
6/11/1872,June,Took 3869 lbs lobster to factory Lodging at home,confident,Winter Harbor,mentioned,"Factory, Home",mentioned,NA,NA,NA,NA,3869,lbs,Lobster,no letter,NA,NA,NA,NA,NA,NA,NA,NA,NA,NA,NA,NA,NA,NA,NA,,NH,,,EP
6/12/1872,June,Breakfast at home went up Skillings river,confident,"Winter Harbor, Skillings River",mentioned,Home,mentioned,NA,NA,NA,NA,NA,NA,NA,no letter,NA,NA,NA,NA,NA,NA,NA,NA,NA,NA,NA,NA,NA,NA,NA,,NH,,,EP
6/13/1872,June,Took 5600 lbs lobster to factory went to Sullivan,confident,"Winter Harbor, Sullivan",mentioned,Factory,mentioned,NA,NA,NA,NA,5600,lbs,Lobster,no letter,NA,NA,NA,NA,NA,NA,NA,NA,NA,NA,NA,NA,NA,NA,NA,,NH,,,EP
6/14/1872,June,Took 2913 lbs lobsters to factory went to Hancock,confident,"Winter Harbor, Hancock",mentioned,Factory,mentioned,NA,NA,NA,NA,2913,lbs,Lobster,no letter,NA,NA,NA,NA,NA,NA,NA,NA,NA,NA,NA,NA,NA,NA,NA,,NH,,,EP
6/15/1872,June,Took 2400 lbs lobsters to factory came home in boat took tea went to Lodge of G. Templars lodging at home,confident,Winter Harbor,mentioned,"Factory, Lodge of Good Templars, Home",mentioned,NA,NA,NA,NA,2400,lbs,Lobster,no letter,NA,NA,NA,NA,NA,NA,NA,NA,NA,NA,NA,NA,NA,NA,NA,,NH,,,EP
6/16/1872,June,Went to West Bay with team married mr Alvin Fass & Miss Georgia Parrill,somewhat confident,West Bay,mentioned,NA,NA,NA,NA,NA,NA,NA,NA,NA,no letter,NA,NA,NA,NA,NA,NA,NA,NA,NA,NA,NA,NA,NA,NA,NA,,NH,,,EP
6/17/1872,June,Took 1720 lbs to factory,confident,Winter Harbor,mentioned,Factory,mentioned,NA,NA,NA,NA,1720,lbs,Lobster,no letter,NA,NA,NA,NA,NA,NA,NA,NA,NA,NA,NA,NA,NA,NA,NA,,NH,,,EP
6/18/1872,June,Married Mr Nriah G Bunker and Mys. Hannah C Bunker went to Lamoine in boat hired team went to Ellsworth Lodging with Chas C Burrill,somewhat confident,"Lamoine, Ellsworth ",mentioned,Charles C. Burrill's ,mentioned,NA,NA,NA,NA,NA,NA,NA,no letter,NA,NA,NA,NA,NA,NA,NA,NA,NA,NA,NA,NA,NA,NA,NA,,NH,,,"WD, EP"
6/19/1872,June,breakfast with CC Burill attended Probate Bount proved the will of Benj Rand dinner at city Hotel supper and Lodging on board boat at Lamoine,somewhat confident,"Ellsworth, Lamoine",mentioned,"Charles C. Burrill's, City Hotel",mentioned,NA,NA,NA,NA,NA,NA,NA,no letter,NA,NA,NA,NA,NA,NA,NA,NA,NA,NA,NA,NA,NA,NA,NA,,NH,,,"WD, EP"
6/20/1872,June,Took 1180 lbs lobsters to factory went to Sullivan,confident,"Winter Harbor, Sullivan",mentioned,Factory,mentioned,NA,NA,NA,NA,1180,lbs,Lobster,no letter,NA,NA,NA,NA,NA,NA,NA,NA,NA,NA,NA,NA,NA,NA,NA,,NH,,,EP
6/21/1872,June,Took 1993 lbs lobsters to factory went to Hancock,confident,"Winter Habor, Hancock",mentioned,Factory,mentioned,NA,NA,NA,NA,1993,lbs,Lobster,no letter,NA,NA,NA,NA,NA,NA,NA,NA,NA,NA,NA,NA,NA,NA,NA,,NH,,,EP
6/22/1872,June,Took 1261 lbs lobsters to factory came home went to Lodge,confident,Winter Harbor,mentioned,"Factory, Home, Lodge of Good Templars",mentioned,NA,NA,NA,NA,1261,lbs,Lobster,no letter,NA,NA,NA,NA,NA,NA,NA,NA,NA,NA,NA,NA,NA,NA,NA,,NH,,,EP
6/23/1872,June,staid at home,confident,Winter Harbor,mentioned,Home,mentioned,NA,NA,NA,NA,NA,NA,NA,no letter,NA,NA,NA,NA,NA,NA,NA,NA,NA,NA,NA,NA,NA,NA,NA,,NH,,,EP
6/24/1872,June,Took 2437 lbs lobsters to factory went to Lamoine,confident,"Winter Harbor, Lamoine",mentioned,Factory,mentioned,NA,NA,NA,NA,2437,lbs,Lobster,no letter,NA,NA,NA,NA,NA,NA,NA,NA,NA,NA,NA,NA,NA,NA,NA,,NH,,,EP
6/25/1872,June,Took 1474 lbs lobsters to factory. Lodging at home,confident,Winter Harbor,mentioned,"Factory, Home",mentioned,NA,NA,NA,NA,1474,lbs,Lobster,no letter,NA,NA,NA,NA,NA,NA,NA,NA,NA,NA,NA,NA,NA,NA,NA,,NH,,,EP
6/26/1872,June,breakfast at home went up Skillings river,confident,"Winter Harbor, Skillings River",mentioned,Home,mentioned,NA,NA,NA,NA,NA,NA,NA,no letter,NA,NA,NA,NA,NA,NA,NA,NA,NA,NA,NA,NA,NA,NA,NA,,NH,,,EP
6/27/1872,June,Took 4800 lbs lobsters to factory came home in boat Supper & Lodging at home,confident,Winter Harbor,mentioned,"Factory, Home",mentioned,NA,NA,NA,NA,4800,lbs,Lobster,no letter,NA,NA,NA,NA,NA,NA,NA,NA,NA,NA,NA,NA,NA,NA,NA,,NH,,,EP
6/28/1872,June,Made sash for factory went to the lower Harbor got stick to make mast,somewhat confident,Winter Harbor,mentioned,"Factory, Lower Harbor",mentioned,NA,NA,NA,NA,NA,NA,NA,no letter,NA,NA,NA,NA,NA,NA,NA,NA,NA,NA,NA,NA,NA,NA,NA,,NH,,,"WD, EP"
6/29/1872,June,acknowledged deed for C Stevens and deeded all my right of the Estate to Jamie accept house shed and land in front to Isaacs lime went to Lodge of Good Templars,somewhat confident,Winter Harbor,mentioned,Lodge of Good Templars,mentioned,NA,NA,NA,NA,NA,NA,NA,no letter,NA,NA,NA,NA,NA,NA,NA,NA,NA,NA,NA,NA,NA,NA,NA,,NH,,,EP
6/30/1872,June,Supper at Thomas Smallidge,confident,NA,NA,Thomas Smallidge's ,mentioned,NA,NA,NA,NA,NA,NA,NA,no letter,NA,NA,NA,NA,NA,NA,NA,NA,NA,NA,NA,NA,NA,NA,NA,,NH,,,EP
7/1/1872,July,Took 1260 lbs lobster to factory went to Lamoine,confident,"Winter Harbor, Lamoine",mentioned,Factory,mentioned,NA,NA,NA,NA,1260,lbs,Lobster,no letter,NA,NA,NA,NA,NA,NA,NA,NA,NA,NA,NA,NA,NA,NA,NA,,NH,,,EP
7/2/1872,July,Took 1153 lbs lobster to factory,confident,Winter Harbor,mentioned,Factory,mentioned,NA,NA,NA,NA,1153,lbs,Lobster,no letter,NA,NA,NA,NA,NA,NA,NA,NA,NA,NA,NA,NA,NA,NA,NA,,NH,,,EP
7/3/1872,July,Went to Hancock got 5400 lbs lobster. and walked home. after tea,confident,"Hancock, Winter Harbor",mentioned,Home,mentioned,NA,NA,NA,NA,5400,lbs,Lobster,no letter,NA,NA,NA,NA,NA,NA,NA,NA,NA,NA,NA,NA,NA,NA,NA,,NH,,,EP
7/4/1872,July,hired C Stevens team took wife went to Ellsworth dinner Supper & Lodging at city Hotel,confident,Ellsworth,mentioned,City Hotel  ,mentioned,NA,NA,NA,NA,NA,NA,NA,no letter,NA,NA,NA,NA,NA,NA,NA,NA,NA,NA,NA,NA,NA,NA,NA,,NH,,,EP
7/5/1872,July,breakfast at city hotel dinner at W. Gouldsboro S. Woods supper at home Lodging ?focty,somewhat confident,"Ellsworth, West Gouldsboro, Winter Harbor",mentioned,"City Hotel, Home",mentioned,NA,NA,NA,NA,NA,NA,NA,no letter,NA,NA,NA,NA,NA,NA,NA,NA,NA,NA,NA,NA,NA,NA,NA,,NH,,,EP
7/6/1872,July,went to Hancock got 1115 lbs lobsters came home in boat went to G. T. Lodge in evening,confident,"Winter Harbor, Hancock, Winter Harbor",mentioned,"Home, Lodge of Good Templars",mentioned,NA,NA,NA,NA,1115,lbs,Lobster,no letter,NA,NA,NA,NA,NA,NA,NA,NA,NA,NA,NA,NA,NA,NA,NA,,NH,,,EP
7/7/1872,July,staid at home,confident,Winter Harbor,mentioned,Home  ,mentioned,NA,NA,NA,NA,NA,NA,NA,no letter,NA,NA,NA,NA,NA,NA,NA,NA,NA,NA,NA,NA,NA,NA,NA,,NH,,,EP
7/8/1872,July,Took 800 lbs lobsters to factory went up Skillings river,confident,"Winter Harbor, Skillings River",mentioned,Factory,mentioned,NA,NA,NA,NA,800,lbs,Lobster,no letter,NA,NA,NA,NA,NA,NA,NA,NA,NA,NA,NA,NA,NA,NA,NA,,NH,,,EP
7/9/1872,July,Took 3580 lbs lobsters to factory walked home took supper and Lodging,confident,Winter Harbor,mentioned,"Factory, Home",mentioned,NA,NA,NA,NA,3580,lbs,Lobster,no letter,NA,NA,NA,NA,NA,NA,NA,NA,NA,NA,NA,NA,NA,NA,NA,,NH,,,EP
7/10/1872,July,Went up to factory put in south window supper and Lodging at home,confident,Winter Harbor,mentioned,"Factory, Home",mentioned,NA,NA,NA,NA,NA,NA,NA,no letter,NA,NA,NA,NA,NA,NA,NA,NA,NA,NA,NA,NA,NA,NA,NA,,NH,,,EP
7/11/1872,July,Went up to Skillings river,confident,Skillings River,mentioned,NA,mentioned,NA,NA,NA,NA,NA,NA,NA,no letter,NA,NA,NA,NA,NA,NA,NA,NA,NA,NA,NA,NA,NA,NA,NA,,NH,,,EP
7/12/1872,July,Took 1765 lbs lobsters to factory came home in boat Abbie Tracy died 4. P.M.,confident,Winter Harbor,mentioned,"Factory, Home",mentioned,NA,NA,NA,NA,1765,lbs,Lobster,no letter,NA,NA,NA,NA,NA,NA,NA,NA,NA,NA,NA,NA,NA,NA,NA,,NH,,,EP
7/13/1872,July,Took boat on beach cleaned bottom went to Lodge of Good Templars,confident,Winter Harbor,mentioned,"Beach, Lodge of Good Templars",mentioned,NA,NA,NA,NA,NA,NA,NA,no letter,NA,NA,NA,NA,NA,NA,NA,NA,NA,NA,NA,NA,NA,NA,NA,,NH,,,EP
7/14/1872,July,Staid at home,confident,Winter Harbor,mentioned,Home  ,mentioned,NA,NA,NA,NA,NA,NA,NA,no letter,NA,NA,NA,NA,NA,NA,NA,NA,NA,NA,NA,NA,NA,NA,NA,,NH,,,EP
7/15/1872,July,Took 2675 lbs lobsters to factory went up Skillings river,confident,"Winter Harbor, Skillings River",mentioned,Factory,mentioned,NA,NA,NA,NA,2675,lbs,Lobster,no letter,NA,NA,NA,NA,NA,NA,NA,NA,NA,NA,NA,NA,NA,NA,NA,,NH,,,EP
7/16/1872,July,Took 1000 lbs lobsters to factory settles up reed pay,confident,Winter Harbor,mentioned,Factory,mentioned,NA,NA,NA,NA,1000,lbs,Lobster,no letter,NA,NA,NA,NA,NA,NA,NA,NA,NA,NA,NA,NA,NA,NA,NA,,NH,,,EP
7/17/1872,July,came home in boat dinner at home took up note of C Stevens & Leo,somewhat confident,Winter Harbor,mentioned,Home  ,mentioned,NA,NA,NA,NA,NA,NA,NA,read,Chester Stevens ,NA,NA,NA,NA,NA,NA,NA,NA,NA,NA,NA,NA,NA,NA,,NH,,,"WD, EP"
7/18/1872,July,Painted dora wrote letter to CC Burrill one to Regr of deeds,confident,NA,NA,NA,NA,NA,NA,NA,NA,NA,NA,NA,write,NA,"Charles C Burrill, Regr of deeds",NA,NA,NA,NA,NA,NA,NA,NA,NA,NA,NA,NA,NA,,NH,,,EP
7/19/1872,July,Took nets of hauging,confident,NA,NA,NA,NA,NA,NA,NA,NA,NA,NA,NA,no letter,NA,NA,NA,NA,NA,NA,NA,NA,NA,NA,NA,NA,NA,NA,NA,,NH,,,EP
7/20/1872,July,went to lobster factory after caned strawberrys reed letter from G. W. Tracy went to Lodge of G. Templars,confident,Winter Harbor,mentioned,"Factory, Lodge of Good Templars",mentioned,NA,NA,NA,NA,NA,NA,NA,read,G. W. Tracy,NA,NA,NA,NA,NA,NA,NA,NA,NA,NA,NA,NA,NA,NA,,NH,,,EP
7/21/1872,July,went to meeting,confident,NA,NA,NA,NA,NA,NA,NA,NA,NA,NA,NA,no letter,NA,NA,NA,NA,NA,NA,NA,NA,NA,NA,NA,NA,NA,NA,NA,,NH,,,EP
7/22/1872,July,Commeneed haying Mowed apart forenoon rainy afternoon took firemast out of boat mermaid,confident,NA,NA,NA,NA,NA,NA,NA,NA,NA,NA,NA,no letter,NA,NA,NA,NA,NA,NA,NA,NA,NA,rainy ,NA,NA,NA,NA,NA,,NH,,,EP
7/23/1872,July,Fair weather mowed and raked hay all day pulled in 6 cocks.,confident,NA,NA,NA,NA,NA,NA,NA,NA,NA,NA,NA,no letter,NA,NA,NA,NA,NA,NA,NA,NA,fair weather ,fair weather ,fair weather ,NA,NA,NA,NA,,NH,Cocks are stacks of hay,,"WD, EP"
7/24/1872,July,Rainy work in barn firing ground mow hat beam in plow,confident,Winter Harbor,NA,Barn,NA,NA,NA,NA,NA,NA,NA,NA,no letter,NA,NA,NA,NA,NA,NA,NA,NA,rainy ,rainy ,rainy,NA,NA,NA,NA,,NH,,,EP
7/25/1872,July,Splended had day hauled in 30 stacks of hay reed letter from Red & Deeds,somewhat confident,NA,NA,NA,NA,NA,NA,NA,NA,30,stacks,hay,read,Regr of deeds,NA,NA,NA,NA,NA,NA,NA,NA,NA,NA,NA,NA,NA,NA,,NH,,,EP
7/26/1872,July,Mowed in forenoon. cloudy hauled in 14 stacks of hay reed pohy for C L Bunker went on the shore and deliverd it.,somewhat confident,NA,NA,Shore ,mentioned,NA,NA,NA,NA,14,stacks,hay,no letter,NA,NA,NA,NA,NA,NA,NA,NA,cloudy ,cloudy ,cloudy ,NA,NA,NA,NA,,NH,,,"WD, EP"
7/27/1872,July,Rainy finished making mast for mermaid went to Lodge of G. Templars,confident,Winter Harbor,mentioned,Lodge of Good Templars,mentioned,NA,NA,NA,NA,NA,NA,NA,no letter,NA,NA,NA,NA,NA,NA,NA,NA,rainy ,rainy ,rainy,NA,NA,NA,NA,,NH,,,EP
7/28/1872,July,Fair wether raked hay got dinner at Thomas Smallidge hauled in 26 stacks after tea,confident,NA,NA,Thomas Smallidge's ,mentioned,NA,NA,NA,NA,26,stacks,hay,no letter,NA,NA,NA,NA,NA,NA,NA,NA,fair weather ,fair weather ,fair weather ,NA,NA,NA,NA,,NH,,,EP
7/29/1872,July,Rainy made topmast for boat and mowed in afternoon,confident,NA,NA,NA,NA,NA,NA,NA,NA,NA,NA,NA,no letter,NA,NA,NA,NA,NA,NA,NA,NA,rainy ,rainy ,rainy,NA,NA,NA,NA,,NH,,,EP
7/30/1872,July,Rained in morning set boats mast afternoon cleard of raked up hay,confident,NA,NA,NA,NA,NA,NA,NA,NA,NA,NA,NA,no letter,NA,NA,NA,NA,NA,NA,NA,NA,rained ,NA,NA,NA,NA,NA,NA,,NH,,,EP
7/31/1872,July,Fair weather mowed in morning hauled in 28 stacks,confident,NA,NA,NA,NA,NA,NA,NA,NA,28,stacks,hay,no letter,NA,NA,NA,NA,NA,NA,NA,NA,fair weather ,fair weather ,fair weather ,NA,NA,NA,NA,,NH,,,EP
8/1/1872,August,Fair weather mowed in forenoon. afternoon hauled in 22 stacks,confident,NA,NA,NA,NA,NA,NA,NA,NA,22,stacks,hay,no letter,NA,NA,NA,NA,NA,NA,NA,NA,fair weather ,fair weather ,fair weather ,NA,NA,NA,NA,,NH,,,EP
8/2/1872,August,Fair weather mowed in forenoon hauled in 26 stacks,confident,NA,NA,NA,NA,NA,NA,NA,NA,26,stacks,hay,no letter,NA,NA,NA,NA,NA,NA,NA,NA,fair weather ,fair weather ,fair weather ,NA,NA,NA,NA,,NH,,,EP
8/3/1872,August,Stormy work in shop reed letter from CC Burrill also oil painting of Niagara Falls by moon light went to Lodge of G. Templar lodgign at Thos. Smallidge,confident,Winter Harbor,mentioned,"Shop, Lodge of Good Templars, Thomas Smallidge's",mentioned,NA,NA,NA,NA,NA,NA,NA,read,Charles C. Burrill,NA,NA,NA,NA,NA,NA,NA,NA,NA,NA,NA,NA,NA,NA,,NH,"This oil painting of Niagara Falls by moon light actually exists, so cool! by Hermann Herzog. Little random in text though..",,EP
8/4/1872,August,Breakfast and dinner at Thomas Smallidges,confident,Winter harbor,mentioned,Thomas Smallidge's ,mentioned,NA,NA,NA,NA,NA,NA,NA,no letter,NA,NA,NA,NA,NA,NA,NA,NA,NA,NA,NA,NA,NA,NA,NA,,NH,,,EP
8/5/1872,August,Wrote a letter to J Martin one to CC Burrill out wind finished mowing,confident,NA,NA,NA,NA,NA,NA,NA,NA,NA,NA,NA,write,NA,"Charles C. Burrill, J. Martin",NA,NA,NA,NA,NA,NA,NA,NA,NA,NA,NA,NA,NA,,NH,,,EP
8/6/1872,August,Wind South Made a litter for boat finished haying hauled in 16 cocks went to Temperance lecture in evening Mr Hansenn & Mrs Fremeh,confident,Winter Harbor ,assumed,NA,NA,NA,NA,NA,NA,NA,NA,NA,no letter,NA,NA,S,S,S,NA,NA,NA,NA,NA,NA,NA,NA,NA,NA,,NH,,,EP
8/7/1872,August,Hauling dressing out the yard and spreading it to topdress field. went to medical lecture by Mrs Fremeh,confident,Winter Harbor ,assumed,NA,NA,NA,NA,NA,NA,NA,NA,NA,no letter,NA,NA,NA,NA,NA,NA,NA,NA,NA,NA,NA,NA,NA,NA,NA,,NH,,,EP
8/8/1872,August,Hauled out dressing apart of forenoon commence pulling up stairrail and banisters for J. K. Hammond took tea at A. J. Gerrishes,confident,NA,NA,A. J. Gerrishe's,mentioned,NA,NA,NA,NA,NA,NA,NA,no letter,NA,NA,NA,NA,NA,NA,NA,NA,NA,NA,NA,NA,NA,NA,NA,,NH,,,EP
8/9/1872,August,Finished rail and banister for J. R. Hammond got dora load of wood at Whites Landing,confident,Whites Landing,mentioned,NA,NA,NA,NA,NA,NA,a load ,NA,wood,no letter,NA,NA,NA,NA,NA,NA,NA,NA,NA,NA,NA,NA,NA,NA,NA,,NH,,,EP
8/10/1872,August,Work on boat cauling painting went to Lodge of Good Templars,confident,Winter Harbor,mentioned,Lodge of Good Templars,mentioned,NA,NA,NA,NA,NA,NA,NA,no letter,NA,NA,NA,NA,NA,NA,NA,NA,NA,NA,NA,NA,NA,NA,NA,,NH,,,EP
8/11/1872,August,Made a call at Mrs C. J. Guptills tea at Thomas Smallisges,confident,NA,NA,Thomas Smallidge's ,mentioned,NA,NA,NA,NA,NA,NA,NA,no letter,NA,NA,NA,NA,NA,NA,NA,NA,NA,NA,NA,NA,NA,NA,NA,,NH,,,EP
8/12/1872,August,Work in shop in forenoon afternoon ballast boat,confident,Winter Harbor,mentioned,Shop,mentioned,NA,NA,NA,NA,NA,NA,NA,no letter,NA,NA,NA,NA,NA,NA,NA,NA,NA,NA,NA,NA,NA,NA,NA,,NH,,,EP
8/13/1872,August,Getting ready to go to Rockland,confident,NA,NA,NA,NA,NA,NA,NA,NA,NA,NA,NA,no letter,NA,NA,NA,NA,NA,NA,NA,NA,NA,NA,NA,NA,NA,NA,NA,,NH,,,EP
8/14/1872,August,Cutting at the door in forenoon Reed letter from A. Martin Millbridge,confident,Winter Harbor,mentioned,Home,assumed,NA,NA,NA,NA,NA,NA,NA,read,A. Martin Millbridge,NA,NA,NA,NA,NA,NA,NA,NA,NA,NA,NA,NA,NA,NA,,NH,,,EP
8/15/1872,August,Waiting for chance to go to Rockland,confident,NA,NA,NA,NA,NA,NA,NA,NA,NA,NA,NA,no letter,NA,NA,NA,NA,NA,NA,NA,NA,NA,NA,NA,NA,NA,NA,NA,,NH,,,EP
8/16/1872,August,Left home for Rockland in forenoon calm & foggy anckored in Cranberry Isle harbor at night went in the boat mermaid,confident,"Winter Harbor,Cranberry Isles",mentioned,"Home, Cranberry Isles Harbor",mentioned,NA,NA,NA,NA,NA,NA,NA,no letter,NA,NA,NA,NA,NA,NA,NA,NA,calm and foggy ,calm and foggy ,calm and foggy ,NA,NA,NA,NA,,NH,,,EP
8/17/1872,August,Wind from E.N.E. to S.S.W. rainy and foggy. Went from Cranberry Isle to Buckle Island,confident,"Cranberry Isles, Buckle Island",mentioned,NA,NA,NA,NA,NA,NA,NA,NA,NA,no letter,NA,NA,"ENE, SSW","ENE, SSW","ENE, SSW",NA,NA,NA,rainy and foggy ,rainy and foggy ,rainy and foggy ,NA,NA,NA,NA,,NH,,,EP
8/18/1872,August,Wind S.W. thick of fog beat to Deer Isle anchored at dark,confident,Deer Isle,mentioned,NA,NA,NA,NA,NA ,NA,NA,NA,NA,no letter,NA,NA,SW,SW,SW,NA,NA,NA,thick of fog,thick of fog,thick of fog,NA,NA,NA,NA,,NH,,,EP
8/19/1872,August,The wind all around the compass very moderate Left Deer Isle for Rockland arrived in Rockland at 9 P.M.,confident,"Deer Isle, Rockland",mentioned,NA,NA,NA,NA,NA,NA,NA,NA,NA,no letter,NA,NA,NA,NA,NA,calm ,calm ,calm ,NA,NA,NA,NA,NA,NA,NA,,NH,,,EP
8/20/1872,August,The wind E. in forenoon afternoon S. and foggy ordered fore sail made for boat tea at Wm Woods,confident,Rockland,assumed,Wm. Wood's,mentioned,NA,NA,NA,NA,NA,NA,NA,no letter,NA,NA,E,S,NA,NA,NA,NA,foggy ,foggy ,foggy ,NA,NA,NA,NA,,NH,,,EP
8/21/1872,August,Fogy bought ten bush corn in Rockland and other articles dinner at Wm Woods,confident,Rockland,mentioned,Wm. Wood's,mentioned,NA,NA,NA,NA,10,bush,corn,no letter,NA,NA,NA,NA,NA,NA,NA,NA,foggy ,foggy ,foggy ,NA,NA,NA,NA,,NH,,,EP
8/22/1872,August,Waiting for chance to go home,confident,Rockland,assumed,NA,NA,NA,NA,NA,NA,NA,NA,NA,no letter,NA,NA,NA,NA,NA,NA,NA,NA,NA,NA,NA,NA,NA,NA,NA,,NH,,,EP
8/23/1872,August,Sailed from Rockland for home the wind North arrived at 9 oclock PM,confident,"Rockland, Winter Harbor",mentioned,Home  ,mentioned,NA,NA,NA,NA,NA,NA,NA,no letter,NA,NA,N,N,N,NA,NA,NA,NA,NA,NA,NA,NA,NA,NA,,NH,,,EP
8/24/1872,August,Northing in particular. went to Lodge of Good Templars,confident,Winter Harbor,mentioned,Lodge of Good Templars,mentioned,NA,NA,NA,NA,NA,NA,NA,no letter,NA,NA,NA,NA,NA,NA,NA,NA,NA,NA,NA,NA,NA,NA,NA,,NH,,,EP
8/25/1872,August,Staid at home all day,confident,Winter Harbor,mentioned,Home  ,mentioned,NA,NA,NA,NA,NA,NA,NA,no letter,NA,NA,NA,NA,NA,NA,NA,NA,NA,NA,NA,NA,NA,NA,NA,,NH,,,EP
8/26/1872,August,Went on Grindstone point after Oxen in forenoon afternoon hauled home found the Lark one bbl. flour 8 be corn,somewhat confident,Winter Harbor,mentioned,"Grindstone Point, Home",mentioned,NA,NA,NA,NA,"1,8","bbl. , be. ","flour, corn",no letter,NA,NA,NA,NA,NA,NA,NA,NA,NA,NA,NA,NA,NA,NA,NA,,NH,,,"WD, EP"
8/27/1872,August,rainy build Coal bin wrote letter to Hale & Emery Ellworth Me. ,confident,Winter Harbor,assumed,NA,NA,NA,NA,NA,NA,NA,NA,NA,write,NA,Hale Emery ,NA,NA,NA,NA,NA,NA,rainy,rainy,rainy,NA,NA,NA,NA,,NH,,,"WD, EP"
8/28/1872,August,Went on Gridstone point after Oxen hauled home one load coal from John Lark from Rockland price of coal 6.50 per ton,confident,Winter Harbor,mentioned,"Grindstone Point, Home",mentioned,NA,NA,NA,NA,1,load,coal,no letter,NA,NA,NA,NA,NA,NA,NA,NA,NA,NA,NA,NA,NA,NA,NA,,NH,price of coal 6.50 per ton,,"WD, EP"
8/29/1872,August,hauled home 3 loads coal cut down a piece of oats Acknowledge deed for N. Hammond,confident,Winter Harbor,mentioned,Home,mentioned,NA,NA,NA,NA,3,load,coal,no letter,NA,NA,NA,NA,NA,NA,NA,NA,NA,NA,NA,NA,NA,NA,NA,,NH,,,"WD, EP"
8/30/1872,August,Commenced to finish the inside of James Bourgetts house work in forenoon in afternoon went to W. Gouldsboro to nominate Can. for Represe Took tea at E. Kingsly,confident,"Winter Harbor, West Gouldsboro ",assumed,"James Bourgett's, Edward Kingsley'",mentioned,NA,NA,NA,NA,NA,NA,NA,no letter,NA,NA,NA,NA,NA,NA,NA,NA,NA,NA,NA,NA,NA,NA,NA,,NH,voting?,,EP
8/31/1872,August,worked 5/8 of a day went to Hon Eugene Hale Lexture in evning Lodge of Good Templars took dinner at Abner Tracys,confident,Winter Harbor,mentioned,"Hon Eugene Hale's , Lodge of Good Templars, Abner Tracy's",mentioned,NA,NA,NA,NA,NA,NA,NA,no letter,NA,NA,NA,NA,NA,NA,NA,NA,NA,NA,NA,NA,NA,NA,NA,,NH,,,EP
9/1/1872,September,Raked oates in afternoon,confident,NA,NA,NA,NA,NA,NA,NA,NA,NA,NA,NA,no letter,NA,NA,NA,NA,NA,NA,NA,NA,NA,NA,NA,NA,NA,NA,NA,,NH,,,EP
9/2/1872,September,Work on James Bourgetts house making door frames and window frames dinner at Abner Tracys,confident,Winter Harbor,assumed,"James Bourgett's, Abner Tracy's",mentioned,NA,NA,NA,NA,NA,NA,NA,no letter,NA,NA,NA,NA,NA,NA,NA,NA,NA,NA,NA,NA,NA,NA,NA,,NH,,,EP
9/3/1872,September,Put in window frame and door frame clapboard front end house dinner at Abner Tracys,confident,Winter Harbor,assumed,"James Bourgett's, Abner Tracy's",mentioned,NA,NA,NA,NA,NA,NA,NA,no letter,NA,NA,NA,NA,NA,NA,NA,NA,NA,NA,NA,NA,NA,NA,NA,,NH,,,EP
9/4/1872,September,Getting out door and window Casings mop boards &c dinner to Abner Tracys as Usual,confident,Winter Harbor,assumed,"James Bourgett's, Abner Tracy's",mentioned,NA,NA,NA,NA,NA,NA,NA,no letter,NA,NA,NA,NA,NA,NA,NA,NA,NA,NA,NA,NA,NA,NA,NA,,NH,,,EP
9/5/1872,September,Getting out window Jams reed letter from C. C. Burrill. dinner at usual place while to work on house,confident,Winter Harbor,assumed,"James Bourgett's, Abner Tracy's",mentioned,NA,NA,NA,NA,NA,NA,NA,read,Charles C. Burrill ,NA,NA,NA,NA,NA,NA,NA,NA,NA,NA,NA,NA,NA,NA,,NH,,,EP
9/6/1872,September,Furrowed over head and studied of the sorms wrote letter to C C Burrill dinner as usual. went to Political lecture gone one hour and 15 min.,confident,Winter Harbor,assumed,"James Bourgett's, Abner Tracy's",assumed,NA,NA,NA,NA,NA,NA,NA,write,NA,Charles C. Burrill,NA,NA,NA,NA,NA,NA,NA,NA,NA,NA,NA,NA,NA,,NH,,,EP
9/7/1872,September,Commenced lathing and building stairs went to Lodge of Good Templars Lodging at J Smallidge     Sun,somewhat confident,Winter Harbor,mentioned,"James Bourgett's, Abner Tracy's, Lodge of Good Templars, Thomas Smallidge's",mentioned,NA,NA,NA,NA,NA,NA,NA,no letter,NA,NA,NA,NA,NA,NA,NA,NA,NA,NA,NA,NA,NA,NA,NA,,NH,,,EP
9/8/1872,September,Breakfast at Thomas Smallidges Went to meeting in forenoon and afternoon,confident,Winter Harbor ,mentioned,Thomas Smallidge's ,mentioned,NA,NA,NA,NA,NA,NA,NA,no letter,NA,NA,NA,NA,NA,NA,NA,NA,NA,NA,NA,NA,NA,NA,NA,,NH,,,EP
9/9/1872,September,work on James Bourgetts house in forenoon dinner at home. Went to Town meeting in afternoon,confident,Winter Harbor ,mentioned,James Bourgett's,mentioned,NA,NA,NA,NA,NA,NA,NA,no letter,NA,NA,NA,NA,NA,NA,NA,NA,NA,NA,NA,NA,NA,NA,NA,,NH,,,EP
9/10/1872,September,Work on James Bourgetts house lathing dinner at Abner Tracys,confident,Winter Harbor ,assumed,"James Bourgett's, Abner Tracy's",mentioned,NA,NA,NA,NA,NA,NA,NA,no letter,NA,NA,NA,NA,NA,NA,NA,NA,NA,NA,NA,NA,NA,NA,NA,,NH,,,EP
9/11/1872,September,Lathing bedroom dinner as usual Elvina Mac Neal died at 10 oclock 30 min P.M.,somewhat confident,Winter Harbor ,assumed,"James Bourgett's, Abner Tracy's",mentioned,NA,NA,NA,NA,NA,NA,NA,no letter,NA,NA,NA,NA,NA,NA,NA,NA,NA,NA,NA,NA,NA,NA,NA,,NH,,,"WD, EP"
9/12/1872,September,Lathing cookroom dinner as usual while to work on house,confident,Winter Harbor ,assumed,"James Bourgett's, Abner Tracy's",mentioned,NA,NA,NA,NA,NA,NA,NA,no letter,NA,NA,NA,NA,NA,NA,NA,NA,NA,NA,NA,NA,NA,NA,NA,,NH,,,EP
9/13/1872,September,Finished lathing house and putting down base John Bickferd died at 5 P.M.,confident,Winter Harbor ,assumed,James Bourgett's ,mentioned,NA,NA,NA,NA,NA,NA,NA,no letter,NA,NA,NA,NA,NA,NA,NA,NA,NA,NA,NA,NA,NA,NA,NA,,NH,,,EP
9/14/1872,September,Made sink mantle piece & went to Lodge of Good Templars,confident,Winter Harbor,mentioned,Lodge of Good Templars,mentioned,NA,NA,NA,NA,NA,NA,NA,no letter,NA,NA,NA,NA,NA,NA,NA,NA,NA,NA,NA,NA,NA,NA,NA,,NH,,,EP
9/15/1872,September,Went up the shore to see Damon Sargent lured C Stevens team Followed the procession to the grant of George Grover,confident,Winter Harbor,mentioned,Up Shore,mentioned,NA,NA,NA,NA,NA,NA,NA,no letter,NA,NA,NA,NA,NA,NA,NA,NA,NA,NA,NA,NA,NA,NA,NA,,NH,,,EP
9/16/1872,September,Laid the floors through the house bought cloth to make pants,confident,Winter Harbor,assumed,James Bourgett's,assumed,NA,NA,NA,NA,NA,NA,NA,no letter,NA,NA,NA,NA,NA,NA,NA,NA,NA,NA,NA,NA,NA,NA,NA,,NH,,,EP
9/17/1872,September,Building cuppoard and shingling around windows,confident,Winter Harbor,assumed,James Bourgett's,assumed,NA,NA,NA,NA,NA,NA,NA,no letter,NA,NA,NA,NA,NA,NA,NA,NA,NA,NA,NA,NA,NA,NA,NA,,NH,,,EP
9/18/1872,September,Finished the house throughought at noon engaged C Stevens team for tomorrow,confident,Winter Harbor,assumed,James Bourgett's,assumed,NA,NA,NA,NA,NA,NA,NA,no letter,NA,NA,NA,NA,NA,NA,NA,NA,NA,NA,NA,NA,NA,NA,NA,,NH,,,EP
9/19/1872,September,Went to Ellsworth took dinner supper and Lodging at city Hotel,confident,"Winter Habror, Ellsworth",assumed,City Hotel,mentioned,NA,NA,NA,NA,NA,NA,NA,no letter,NA,NA,NA,NA,NA,NA,NA,NA,NA,NA,NA,NA,NA,NA,NA,,NH,,,EP
9/20/1872,September,Came home in forenoon afternoon went up the shore to work for Damon Sargent Engaged to board wills Calvin Hammond while to work on said house,confident,Winter Harbor,mentioned,"Home, Up Shore, Damon Sargent's ",assumed,NA,NA,NA,NA,NA,NA,NA,no letter,NA,NA,NA,NA,NA,NA,NA,NA,NA,NA,NA,NA,NA,NA,NA,,NH,,,EP
9/21/1872,September,Getting out finnish for house went on Bound to acknowledge deed for the heirs of Alden Young came home,confident,Winter Harbor,mentioned,"James Bourgett's , Home",mentioned,NA,NA,NA,NA,NA,NA,NA,no letter,NA,NA,NA,NA,NA,NA,NA,NA,NA,NA,NA,NA,NA,NA,NA,,NH,,,EP
9/22/1872,September,Staid at home unwell,confident,Winter Harbor,mentioned,Home,mentioned,NA,NA,NA,NA,NA,NA,NA,no letter,NA,NA,NA,NA,NA,NA,NA,NA,NA,NA,NA,NA,NA,NA,NA,,NH,,,EP
9/23/1872,September,"Not well, unable to go up the shore to work for Damon Sargent on his house",confident,Winter Harbor,mentioned,Home,mentioned,NA,NA,NA,NA,NA,NA,NA,no letter,NA,NA,NA,NA,NA,NA,NA,NA,NA,NA,NA,NA,NA,NA,NA,,NH,,,EP
9/24/1872,September,Quite sick took sweat at night,confident,Winter Harbor,mentioned,Home,mentioned,NA,NA,NA,NA,NA,NA,NA,no letter,NA,NA,NA,NA,NA,NA,NA,NA,NA,NA,NA,NA,NA,NA,NA,,NH,,,EP
9/25/1872,September,Staid in the house,confident,Winter Harbor,mentioned,Home,mentioned,NA,NA,NA,NA,NA,NA,NA,no letter,NA,NA,NA,NA,NA,NA,NA,NA,NA,NA,NA,NA,NA,NA,NA,,NH,,,EP
9/26/1872,September,Sent for Dr Johnson stormy did not come,confident,Winter Harbor ,assumed,Home,assumed,NA,NA,NA,NA,NA,NA,NA,no letter,NA,NA,NA,NA,NA,NA,NA,NA,stormy ,stormy ,stormy ,NA,NA,NA,NA,,NH,,,EP
9/27/1872,September,The Dr came pronounce my sickness Typhoid fever ,confident,Winter Harbor ,assumed,Home,assumed,NA,NA,NA,NA,NA,NA,NA,no letter,NA,NA,NA,NA,NA,NA,NA,NA,NA,NA,NA,NA,NA,NA,NA,,NH,,,EP
9/28/1872,September,Pretty low with fever reed letters of administation of the estate of B Rand,confident,Winter Harbor,assumed,Home,assumed,NA,NA,NA,NA,NA,NA,NA,read,Benjamin Rand ,NA ,NA ,NA ,NA ,NA ,NA ,NA ,NA ,NA ,NA ,NA ,NA ,NA ,NA,,NH,,,EP
9/29/1872,September,Dr Johnson came left medicine,confident,Winter Harbor ,assumed,Home,assumed,NA,NA,NA,NA,NA,NA,NA,no letter,NA,NA,NA,NA,NA,NA,NA,NA,NA,NA,NA,NA,NA,NA,NA,,NH,,,EP
9/30/1872,September,Reed letter from Chas. C. Burrill,confident,Winter Harbor,assumed,Home,assumed,NA,NA,NA,NA,NA,NA,NA,read,Charles C. Burrill,NA,NA,NA,NA,NA,NA,NA,NA,NA,NA,NA,NA,NA,NA,,NH,,,EP
10/1/1872,October,NA,confident,Winter Harbor,assumed,Home ,assumed,NA,NA,NA,NA,NA,NA,NA,no letter,NA,NA,NA,NA,NA,NA,NA,NA,NA,NA,NA,NA,NA,NA,NA,,NH,,,EP
10/2/1872,October,Dr Johnson came left more medicine,confident,Winter Harbor,assumed,Home ,assumed,NA,NA,NA,NA,NA,NA,NA,no letter,NA,NA,NA,NA,NA,NA,NA,NA,NA,NA,NA,NA,NA,NA,NA,,NH,,,EP
10/3/1872,October,NA,confident,Winter Harbor,assumed,Home ,assumed,NA,NA,NA,NA,NA,NA,NA,no letter,NA,NA,NA,NA,NA,NA,NA,NA,NA,NA,NA,NA,NA,NA,NA,,NH,,,EP
10/4/1872,October,NA,confident,Winter Harbor,assumed,Home ,assumed,NA,NA,NA,NA,NA,NA,NA,no letter,NA,NA,NA,NA,NA,NA,NA,NA,NA,NA,NA,NA,NA,NA,NA,,NH,,,EP
10/5/1872,October,Dr Johnson came pronounce my fever turned,confident,Winter Harbor,assumed,Home ,assumed,NA,NA,NA,NA,NA,NA,NA,no letter,NA,NA,NA,NA,NA,NA,NA,NA,NA,NA,NA,NA,NA,NA,NA,,NH,,,EP
10/6/1872,October,NA,confident,Winter Harbor,assumed,Home ,assumed,NA,NA,NA,NA,NA,NA,NA,no letter,NA,NA,NA,NA,NA,NA,NA,NA,NA,NA,NA,NA,NA,NA,NA,,NH,,,EP
10/7/1872,October,NA,confident,Winter Harbor,assumed,Home ,assumed,NA,NA,NA,NA,NA,NA,NA,no letter,NA,NA,NA,NA,NA,NA,NA,NA,NA,NA,NA,NA,NA,NA,NA,,NH,,,EP
10/8/1872,October,NA,confident,Winter Harbor,assumed,Home ,assumed,NA,NA,NA,NA,NA,NA,NA,no letter,NA,NA,NA,NA,NA,NA,NA,NA,NA,NA,NA,NA,NA,NA,NA,,NH,,,EP
10/9/1872,October,Dr. Johnson came for his last trip pronounced me getting better,confident,Winter Harbor,assumed,Home ,assumed,NA,NA,NA,NA,NA,NA,NA,no letter,NA,NA,NA,NA,NA,NA,NA,NA,NA,NA,NA,NA,NA,NA,NA,,NH,,,EP
10/10/1872,October,NA,confident,Winter Harbor,assumed,Home ,assumed,NA,NA,NA,NA,NA,NA,NA,no letter,NA,NA,NA,NA,NA,NA,NA,NA,NA,NA,NA,NA,NA,NA,NA,,NH,,,EP
10/11/1872,October,Stoped having watches came out into sitting room for the first time,somewhat confident,Winter Harbor,assumed,Home ,assumed,NA,NA,NA,NA,NA,NA,NA,no letter,NA,NA,NA,NA,NA,NA,NA,NA,NA,NA,NA,NA,NA,NA,NA,,NH,,,"WD, EP"
10/12/1872,October,On the mending hand several came in to see me.,confident,Winter Harbor,assumed,Home ,assumed,NA,NA,NA,NA,NA,NA,NA,no letter,NA,NA,NA,NA,NA,NA,NA,NA,NA,NA,NA,NA,NA,NA,NA,,NH,,,EP
10/13/1872,October,Was weighed my weight being 126 lbs,confident,Winter Harbor,assumed,Home ,assumed,NA,NA,NA,NA,NA,NA,NA,no letter,NA,NA,NA,NA,NA,NA,NA,NA,NA,NA,NA,NA,NA,NA,NA,,NH,,,EP
10/14/1872,October,Wrote letter to H. M. Soule. one to mary Moore. one to Capt. Thomas Smallidge,confident,Winter Harbor,assumed,Home ,assumed,NA,NA,NA,NA,NA,NA,NA,write,NA,"H. M. Soule,  mary Moore, Thomas Smallidge",NA,NA,NA,NA,NA,NA,NA,NA,NA,NA,NA,NA,NA,,NH,,,EP
10/15/1872,October,Went out of door,confident,Winter Harbor,assumed,Home,assumed,NA,NA,NA,NA,NA,NA,NA,no letter,NA,NA,NA,NA,NA,NA,NA,NA,NA,NA,NA,NA,NA,NA,NA,,NH,,,EP
10/16/1872,October,Wrote letter to Byron Welsh,confident,Winter Harbor,assumed,Home,assumed,NA,NA,NA,NA,NA,NA,NA,write,NA,Byron Welsh,NA,NA,NA,NA,NA,NA,NA,NA,NA,NA,NA,NA,NA,,NH,,,EP
10/17/1872,October,Went over to Geo Tracys,confident,Winter Harbor,assumed,G. W. Tracy's ,mentioned,NA,NA,NA,NA,NA,NA,NA,no letter,NA,NA,NA,NA,NA,NA,NA,NA,NA,NA,NA,NA,NA,NA,NA,,NH,,,EP
10/18/1872,October,making Tolers heads,somewhat confident,Winter Harbor,assumed,NA,NA,NA,NA,NA,NA,NA,NA,NA,no letter,NA,NA,NA,NA,NA,NA,NA,NA,NA,NA,NA,NA,NA,NA,NA,,NH,,,"WD, EP"
10/19/1872,October,making Jolers,somewhat confident,Winter Harbor,assumed,NA,NA,NA,NA,NA,NA,NA,NA,NA,no letter,NA,NA,NA,NA,NA,NA,NA,NA,NA,NA,NA,NA,NA,NA,NA,,NH,,,"WD, EP"
10/20/1872,October,Went to Thomas Smallidge in afternoon my weight 130,confident,Winter Harbor,mentioned,Thomas Smallidge's ,mentioned,NA,NA,NA,NA,NA,NA,NA,no letter,NA,NA,NA,NA,NA,NA,NA,NA,NA,NA,NA,NA,NA,NA,NA,,NH,,,EP
10/21/1872,October,Commences to work in shop,confident,Winter Harbor,mentioned,Shop,mentioned,NA,NA,NA,NA,NA,NA,NA,no letter,NA,NA,NA,NA,NA,NA,NA,NA,NA,NA,NA,NA,NA,NA,NA,,NH,,,EP
10/22/1872,October,Work in shop,confident,Winter Harbor,mentioned,Shop,mentioned,NA,NA,NA,NA,NA,NA,NA,no letter,NA,NA,NA,NA,NA,NA,NA,NA,NA,NA,NA,NA,NA,NA,NA,,NH,,,EP
10/23/1872,October,Went to the Harbor Jospheph & Jennill Kingslys Child born,confident,Winter Harbor,mentioned,Harbor,mentioned,NA,NA,NA,NA,NA,NA,NA,no letter,NA,NA,NA,NA,NA,NA,NA,NA,NA,NA,NA,NA,NA,NA,NA,,NH,,,EP
10/24/1872,October,Work about Home sent to Boston after Parlor stove,confident,Winter Harbor,mentioned,Home,mentioned,NA,NA,NA,NA,NA,NA,NA,no letter,NA,NA,NA,NA,NA,NA,NA,NA,NA,NA,NA,NA,NA,NA,NA,,NH,,,EP
10/25/1872,October,Work about home and in the shop,confident,Winter Harbor,mentioned,"Home, Shop",mentioned,NA,NA,NA,NA,NA,NA,NA,no letter,NA,NA,NA,NA,NA,NA,NA,NA,NA,NA,NA,NA,NA,NA,NA,,NH,,,EP
10/26/1872,October,appraised the Real Estate Goods and Chattels of the Estate of B Rand,confident,Winter Harbor,assumed,NA,NA,NA,NA,NA,NA,NA,NA,NA,no letter,NA,NA,NA,NA,NA,NA,NA,NA,NA,NA,NA,NA,NA,NA,NA,,NH,,,EP
10/27/1872,October,Made a call at Capt Smallidge my weight 136,confident,Winter Harbor,assumed,NA,NA,NA,NA,NA,NA,NA,NA,NA,no letter,NA,NA,NA,NA,NA,NA,NA,NA,NA,NA,NA,NA,NA,NA,NA,,NH,,,EP
10/28/1872,October,Gathered turnips and beets wrote letter to Hale and Emery,confident,Winter Harbor,assumed,Garden,assumed,NA,NA,NA,NA,NA,NA,NA,write,NA,Hale Emery ,NA,NA,NA,NA,NA,NA,NA,NA,NA,NA,NA,NA,NA,,NH,,,EP
10/29/1872,October,Finished gathering beets and parsnips,confident,Winter Harbor,assumed,Garden ,assumed,NA,NA,NA,NA,NA,NA,NA,no letter,NA,NA,NA,NA,NA,NA,NA,NA,NA,NA,NA,NA,NA,NA,NA,,NH,,,EP
10/30/1872,October,Took Hayrick apart put it away done some chored up for fall,confident,Winter Harbor,assumed,NA,NA,NA,NA,NA,NA,NA,NA,NA,no letter,NA,NA,NA,NA,NA,NA,NA,NA,NA,NA,NA,NA,NA,NA,NA,,NH,,,EP
10/31/1872,October,Work in shop jobbing,confident,Winter Harbor,mentioned,Shop,mentioned,NA,NA,NA,NA,NA,NA,NA,no letter,NA,NA,NA,NA,NA,NA,NA,NA,NA,NA,NA,NA,NA,NA,NA,,NH,,,EP
11/1/1872,November,About home went to the Lodge installed officers had supper,confident,Winter Harbor,mentioned,"Home, Lodge of Good Templars, home",assumed,NA,NA,NA,NA,NA,NA,NA,no letter,NA,NA,NA,NA,NA,NA,NA,NA,NA,NA,NA,NA,NA,NA,NA,,NH,,,EP
11/2/1872,November,Stormy reed letter from Jordan & Blake one from May S Moore,confident,NA,NA,NA,NA,NA,NA,NA,NA,NA,NA,NA,read,"Jordan & Blake, May S Moore",NA,NA,NA,NA,NA,NA,NA,Stormy ,Stormy ,Stormy ,NA,NA,NA,NA,,NH,,,EP
11/3/1872,November,Took tea with Flora Gerrish my weight 138,confident,NA,NA,NA,NA,NA,NA,NA,NA,NA,NA,NA,no letter,NA,NA,NA,NA,NA,NA,NA,NA,NA,NA,NA,NA,NA,NA,NA,,NH,,,EP
11/4/1872,November,Wrote letter to Jordan & Blake and Perly & Russel went to work on Damons S House dinner & supper at Cila Hommonds Lodging John Shaw,confident,Winter Harbor,mentioned,"Damon Sargent's, Cila Hommond's, John Shaw's ",mentioned,NA,NA,NA,NA,NA,NA,NA,write,NA,"Jordan & Blake, Perly & Russel",NA,NA,NA,NA,NA,NA,NA,NA,NA,NA,NA,NA,NA,,NH,,,EP
11/5/1872,November,Went to Election dinner at the factory Supper & Lodging at C Hammonds,confident,Winter Harbor,mentioned,"Factory, Cila Hommond's",mentioned,NA,NA,NA,NA,NA,NA,NA,no letter,NA,NA,NA,NA,NA,NA,NA,NA,NA,NA,NA,NA,NA,NA,NA,,NH,,,EP
11/6/1872,November,finished work on Damonds house Supper & Lodging at home,confident,Winter Harbor,mentioned,"Damon Sargent's, Home",mentioned,NA,NA,NA,NA,NA,NA,NA,no letter,NA,NA,NA,NA,NA,NA,NA,NA,NA,NA,NA,NA,NA,NA,NA,,NH,,,EP
11/7/1872,November,Find lathe to drill Iron and work in shop,confident,Winter Harbor,mentioned,Shop,mentioned,NA,NA,NA,NA,NA,NA,NA,no letter,NA,NA,NA,NA,NA,NA,NA,NA,NA,NA,NA,NA,NA,NA,NA,,NH,,,EP
11/8/1872,November,Work in shop,confident,Winter Harbor,mentioned,Shop,mentioned,NA,NA,NA,NA,NA,NA,NA,no letter,NA,NA,NA,NA,NA,NA,NA,NA,NA,NA,NA,NA,NA,NA,NA,,NH,,,EP
11/9/1872,November,Went to Turtle Island gunning Reed letters from Hale & Emery Jordan & Blake Perley & Russel G. W. Tracy Went to Lodge,confident,"Turtle Island, Winter Harbor",mentioned,Lodge of Good Templars,mentioned,NA,NA,NA,NA,NA,NA,NA,read,"Hale & Emery, Jordan & Blake, Perley & Russel, G. W. Tracy",NA,NA,NA,NA,NA,NA,NA,NA,NA,NA,NA,NA,NA,NA,,NH,,,EP
11/10/1872,November,Wrote to G. W. Tracy Roderic Pendleton,confident,NA,NA,NA,NA,NA,NA,NA,NA,NA,NA,NA,write,NA,"G. W. Tracy, Roderic Pendleton",NA,NA,NA,NA,NA,NA,NA,NA,NA,NA,NA,NA,NA,,NH,,,EP
11/11/1872,November,Went gunning on Egg Rock got 6 birds afternoon bought 2 bbls apples,confident,Egg Rock,mentioned,NA,NA,NA,NA,NA,NA,"6,2","NA, bbls","birds,Apples",no letter,NA,NA,NA,NA,NA,NA,NA,NA,NA,NA,NA,NA,NA,NA,NA,,NH,,,EP
11/12/1872,November,Went on from Bound hirer $200. of Galen Smith,confident,NA,NA,NA,NA,NA,NA,NA,NA,NA,NA,NA,no letter,NA,NA,NA,NA,NA,NA,NA,NA,NA,NA,NA,NA,NA,NA,NA,,NH,,,EP
11/13/1872,November,Work in shop,confident,Winter Harbor,mentioned,Shop,mentioned,NA,NA,NA,NA,NA,NA,NA,no letter,NA,NA,NA,NA,NA,NA,NA,NA,NA,NA,NA,NA,NA,NA,NA,,NH,,,EP
11/14/1872,November,Went to West Gouldsboro with potatoes to ship to Rockland,confident,West Gouldsboro,mentioned,NA,NA,NA,NA,NA,NA,NA,NA,NA,no letter,NA,NA,NA,NA,NA,NA,NA,NA,NA,NA,NA,NA,NA,NA,NA,,NH,,,EP
11/15/1872,November,Wrote letters to Perley & Russell Jordan and Blake,confident,NA,NA,NA,NA,NA,NA,NA,NA,NA,NA,NA,write,NA,"Perley & Russell, Jordan and Blake",NA,NA,NA,NA,NA,NA,NA,NA,NA,NA,NA,NA,NA,,NH,,,EP
11/16/1872,November,Putting wood in the shop reet letter from Hale & Emery went to Lodge of Good T.,confident,Winter Harbor,mentioned,"Shop, Lodge of Good Templars",mentioned,NA,NA,NA,NA,NA,NA,NA,read,Hale Emery ,NA,NA,NA,NA,NA,NA,NA,NA,NA,NA,NA,NA,NA,NA,,NH,,,EP
11/17/1872,November,Started for Portland in the scow Virgin got dinner at Enoch Stanleys,somewhat confident,"Winter Harbor, ? Virgin",assumed,Enoch Stanley's ,mentioned,NA,NA,NA,NA,NA,NA,NA,no letter,NA,NA,NA,NA,NA,NA,NA,NA,NA,NA,NA,NA,NA,NA,NA,,NH,Not sure but seems like the only option,,"WD, EP"
11/18/1872,November,Went to S.W. Harbor,confident,Southwest Harbor,mentioned,NA,NA,NA,NA,NA,NA,NA,NA,NA,no letter,NA,NA,NA,NA,NA,NA,NA,NA,NA,NA,NA,NA,NA,NA,NA,,NH,,,EP
11/19/1872,November,Got to Bass Harbor,confident,"Southwest Harbor, Bass Harbor",mentioned,NA,NA,NA,NA,NA,NA,NA,NA,NA,no letter,NA,NA,NA,NA,NA,NA,NA,NA,NA,NA,NA,NA,NA,NA,NA,,NH,,,EP
11/20/1872,November,Laid in Bass Harbor wrote letter to my wife,confident,Bass Harbor,mentioned,NA,NA,NA,NA,NA,NA,NA,NA,NA,write,NA,Wife,NA,NA,NA,NA,NA,NA,NA,NA,NA,NA,NA,NA,NA,,NH,,,EP
11/21/1872,November,Went to Buckle Island,confident,"Bass Harbor, Buckle Island",mentioned,NA,NA,NA,NA,NA,NA,NA,NA,NA,no letter,NA,NA,NA,NA,NA,NA,NA,NA,NA,NA,NA,NA,NA,NA,NA,,NH,,,EP
11/22/1872,November,Laid in Buckle Isle,confident,Buckle Island,mentioned,NA,NA,NA,NA,NA,NA,NA,NA,NA,no letter,NA,NA,NA,NA,NA,NA,NA,NA,NA,NA,NA,NA,NA,NA,NA,,NH,,,EP
11/23/1872,November,Went to Rockland arrived at 9 P.M.,confident,"Buckle Island, Rockland",mentioned,NA,NA,NA,NA,NA,NA,NA,NA,NA,no letter,NA,NA,NA,NA,NA,NA,NA,NA,NA,NA,NA,NA,NA,NA,NA,,NH,,,EP
11/24/1872,November,Hauled in the wharf,confident,Rockland,mentioned,Wharf,mentioned,NA,NA,NA,NA,NA,NA,NA,no letter,NA,NA,NA,NA,NA,NA,NA,NA,NA,NA,NA,NA,NA,NA,NA,,NH,,,EP
11/25/1872,November,Went to Portland in cart paid Jordan and Blake $ 120. paid Perley and Russel 197. settles accounts supper Lodging breakfast with H Iracy,confident,Portland,mentioned,H. Iracy's ,mentioned,NA,NA,NA,NA,NA,NA,NA,no letter,NA,NA,NA,NA,NA,NA,NA,NA,NA,NA,NA,NA,NA,NA,NA,,NH,,,EP
11/26/1872,November,had watch clearned bought screw plate took curs? for Rockland arrived at 6. supper on board,confident,"Portland, Rockland",mentioned,NA,mentioned,NA,NA,NA,NA,NA,NA,"Scew, Plate ",no letter,NA,NA,NA,NA,NA,NA,NA,NA,NA,NA,NA,NA,NA,NA,NA,,NH,,,EP
11/27/1872,November,Started for home in vessel got to Deer Isle,confident,"Rockland, Deer Isle",mentioned,NA,NA,NA,NA,NA,NA,NA,NA,NA,no letter,NA,NA,NA,NA,NA,NA,NA,NA,NA,NA,NA,NA,NA,NA,NA,,NH,,,EP
11/28/1872,November,arrived at home at 4 P.M.,confident,Winter Harbor,mentioned,Home,mentioned,NA,NA,NA,NA,NA,NA,NA,no letter,NA,NA,NA,NA,NA,NA,NA,NA,NA,NA,NA,NA,NA,NA,NA,,NH,,,EP
11/29/1872,November,Went on the shore with Wm Rands horse,confident,Winter Harbor,mentioned,Up Shore,mentioned,NA,NA,NA,NA,NA,NA,NA,no letter,NA,NA,NA,NA,NA,NA,NA,NA,NA,NA,NA,NA,NA,NA,NA,,NH,,,EP
11/30/1872,November,Hauling home brick shingles and boards from S Guptills wharf went to Lodge. Reed letter from CC Burrill,confident,Winter Harbor,mentioned,"Home, S. Guptill's Wharf, Lodge of Good Templars",mentioned,NA,NA,NA,NA,NA,NA,NA,read,Charles C. Burrill,NA,NA,NA,NA,NA,NA,NA,NA,NA,NA,NA,NA,NA,NA,,NH,,,EP
12/1/1872,December,Took tea with Capt Thomas Smallidge stoped the evening,confident,Winter Harbor,assumed,NA,NA,NA,NA,NA,NA,NA,NA,NA,no letter,NA,NA,NA,NA,NA,NA,NA,NA,NA,NA,NA,NA,NA,NA,NA,,NH,,,EP
12/2/1872,December,Took away fire frame from sitting room and set up air tight stone,confident,NA,NA,NA,NA,NA,NA,NA,NA,NA,NA,NA,no letter,NA,NA,NA,NA,NA,NA,NA,NA,NA,NA,NA,NA,NA,NA,NA,,NH,,,EP
12/3/1872,December,Work in shop turning and repairing furniture,confident,Winter Harbor,mentioned,Shop,mentioned,NA,NA,NA,NA,NA,NA,NA,no letter,NA,NA,NA,NA,NA,NA,NA,NA,NA,NA,NA,NA,NA,NA,NA,,NH,,,EP
12/4/1872,December,Work in shop turning rolling pins turnip and squash pesttery,somewhat confident,Winter Harbor,mentioned,Shop,mentioned,NA,NA,NA,NA,NA,NA,NA,no letter,NA,NA,NA,NA,NA,NA,NA,NA,NA,NA,NA,NA,NA,NA,NA,,NH,,,"WD, EP"
12/5/1872,December,Repairing and setting up stove in harbor reed $ 8.00 of P B Fuss,confident,Winter Harbor,mentioned,Harbor,mentioned,NA,NA,NA,NA,NA,NA,NA,no letter,NA,NA,NA,NA,NA,NA,NA,NA,NA,NA,NA,NA,NA,NA,NA,,NH,,,EP
12/6/1872,December,Work in shop all day,confident,Winter Harbor,mentioned,Shop,mentioned,NA,NA,NA,NA,NA,NA,NA,no letter,NA,NA,NA,NA,NA,NA,NA,NA,NA,NA,NA,NA,NA,NA,NA,,NH,,,EP
12/7/1872,December,Work in shop reed letter from Hale & Emery went to Lodge of G.T. reed letter from Hale & Emery,confident,Winter Harbor,mentioned,"Shop, Lodge of Good Templars ",mentioned,NA,NA,NA,NA,NA,NA,NA,read,Hale Emery,NA,NA,NA,NA,NA,NA,NA,NA,NA,NA,NA,NA,NA,NA,,NH,,,EP
12/8/1872,December,Took tea at Capt Thomas Smallidge,confident,Winter Harbor,mentioned,Thomas Smallidge's ,mentioned,NA,NA,NA,NA,NA,NA,NA,no letter,NA,NA,NA,NA,NA,NA,NA,NA,NA,NA,NA,NA,NA,NA,NA,,NH,,,EP
12/9/1872,December,Loafing or trying to sell a piece of land wrote letter to Charles C. Burrill,confident,NA,NA,NA,NA,NA,NA,NA,NA,NA,NA,NA,write,NA,Charles C. Burrill,NA,NA,NA,NA,NA,NA,NA,NA,NA,NA,NA,NA,NA,,NH,,,"WD, EP"
12/10/1872,December,Repaired a gun worked on lathe,confident,NA,NA,NA,NA,NA,NA,NA,NA,NA,NA,NA,no letter,NA,NA,NA,NA,NA,NA,NA,NA,NA,NA,NA,NA,NA,NA,NA,,NH,,,EP
12/11/1872,December,Filled cellar way with brush,confident,NA,NA,NA,NA,NA,NA,NA,NA,NA,NA,NA,no letter,NA,NA,NA,NA,NA,NA,NA,NA,NA,NA,NA,NA,NA,NA,NA,,NH,,,EP
12/12/1872,December,Killed an ox with the help of John Shaw,confident,NA,NA,NA,NA,NA,NA,NA,NA,NA,NA,NA,no letter,NA,NA,NA,NA,NA,NA,NA,NA,NA,NA,NA,NA,NA,NA,NA,,NH,,,EP
12/13/1872,December,Commenced laying floor in harbor,confident,Winter Harbor,mentioned,Harbor,mentioned,NA,NA,NA,NA,NA,NA,NA,no letter,NA,NA,NA,NA,NA,NA,NA,NA,NA,NA,NA,NA,NA,NA,NA,,NH,,,EP
12/14/1872,December,Finished laying floor Took the boat mermaid ashore for the winter,confident,Winter Harbor,mentioned,Harbor,mentioned,NA,NA,NA,NA,NA,NA,NA,no letter,NA,NA,NA,NA,NA,NA,NA,NA,NA,NA,NA,NA,NA,NA,NA,,NH,,,EP
12/15/1872,December,Took tea at Capt Thos Smallidge Stoped eve.,confident,Winter Harbor,mentioned,Thomas Smallidge's ,mentioned,NA,NA,NA,NA,NA,NA,NA,no letter,NA,NA,NA,NA,NA,NA,NA,NA,NA,NA,NA,NA,NA,NA,NA,,NH,,,EP
12/16/1872,December,Work on boat getting ready to haul up on the bank,confident,Winter Harbor,assumed,Harbor ,assumed,NA,NA,NA,NA,NA,NA,NA,no letter,NA,NA,NA,NA,NA,NA,NA,NA,NA,NA,NA,NA,NA,NA,NA,,NH,,,EP
12/17/1872,December,Hauled the boat up to the bank for the winter,confident,Winter Harbor,assumed,Up The Bank ,mentioned,NA,NA,NA,NA,NA,NA,NA,no letter,NA,NA,NA,NA,NA,NA,NA,NA,NA,NA,NA,NA,NA,NA,NA,,NH,,,EP
12/18/1872,December,Work in shop on lathe,confident,Winter Harbor,mentioned,Shop,mentioned,NA,NA,NA,NA,NA,NA,NA,no letter,NA,NA,NA,NA,NA,NA,NA,NA,NA,NA,NA,NA,NA,NA,NA,,NH,,,EP
12/19/1872,December,Turned out a ball for Mr. tailor the teacher,confident,NA,NA,NA,NA,NA,NA,NA,NA,NA,NA,NA,no letter,NA,NA,NA,NA,NA,NA,NA,NA,NA,NA,NA,NA,NA,NA,NA,,NH,,,EP
12/20/1872,December,Work in shop stove windmill to pieces running with great speed,confident,Winter Harbor,mentioned,Shop,mentioned,NA,NA,NA,NA,NA,NA,NA,no letter,NA,NA,NA,NA,NA,NA,NA,NA,NA,NA,NA,NA,NA,NA,NA,,NH,,,EP
12/21/1872,December,Repaired windmill reed letter from Geo. N. Loomis Lyfe Ins Agt Portsmouth N. H.,confident,Winter Harbor,assumed,Shop,assumed,NA,NA,NA,NA,NA,NA,NA,read,NA,"George N. Loomis, Lyfe Ins Agt Portsmouth N. H.",NA,NA,NA,NA,NA,NA,NA,NA,NA,NA,NA,NA,NA,,NH,,,EP
12/22/1872,December,Staid at home all day,confident,Winter Harbor,mentioned,Home,mentioned,NA,NA,NA,NA,NA,NA,NA,no letter,NA,NA,NA,NA,NA,NA,NA,NA,NA,NA,NA,NA,NA,NA,NA,,NH,,,EP
12/23/1872,December,Build box for the belt of the windmill to sink in,confident,Winter Harbor,assumed,NA,NA,NA,NA,NA,NA,NA,NA,NA,no letter,NA,NA,NA,NA,NA,NA,NA,NA,NA,NA,NA,NA,NA,NA,NA,,NH,,,EP
12/24/1872,December,made towel rack acknoweledges deed for Nathaniel Pendleton,confident,NA,NA,NA,NA,NA,NA,NA,NA,NA,NA,NA,no letter,NA,NA,NA,NA,NA,NA,NA,NA,NA,NA,NA,NA,NA,NA,NA,,NH,,,EP
12/25/1872,December,Work in shop. evening went to Christmas tree,confident,Winter Harbor,mentioned,"Shop, Christmas Tree",mentioned,NA,NA,NA,NA,NA,NA,NA,no letter,NA,NA,NA,NA,NA,NA,NA,NA,NA,NA,NA,NA,NA,NA,NA,,NH,,,EP
12/26/1872,December,Splitting out pieces to make setees and made grindstone beneh,confident,NA,NA,NA,NA,NA,NA,NA,NA,NA,NA,NA,no letter,NA,NA,NA,NA,NA,NA,NA,NA,NA,NA,NA,NA,NA,NA,NA,,NH,,,EP
12/27/1872,December,Grinding tools in shop reed letter from Geo. A. Dyer,confident,Winter Harbor,mentioned,Shop,mentioned,NA,NA,NA,NA,NA,NA,NA,read,George A. Dyer,NA,NA,NA,NA,NA,NA,NA,NA,NA,NA,NA,NA,NA,NA,,NH,,,EP
12/28/1872,December,Turning out setee legs,somewhat confident,NA,NA,NA,NA,NA,NA,NA,NA,NA,NA,NA,no letter,NA,NA,NA,NA,NA,NA,NA,NA,NA,NA,NA,NA,NA,NA,NA,,NH,,,EP
12/29/1872,December,Took tea at Thomas Smallidge,confident,Winter Harbor,mentioned,Thomas Smallidge's ,NA,NA,NA,NA,NA,NA,NA,NA,no letter,NA,NA,NA,NA,NA,NA,NA,NA,NA,NA,NA,NA,NA,NA,NA,,NH,,,EP
12/30/1872,December,Commenced work on Jigsaw table wrote letter to Geo A Dyer Ins Agt,confident,NA,NA,NA,NA,NA,NA,NA,NA,NA,NA,NA,write,NA,George A. Dyer,NA,NA,NA,NA,NA,NA,NA,NA,NA,NA,NA,NA,NA,,NH,,,EP
12/31/1872,December,Work on Jigsaw table,confident,NA,NA,NA,NA,NA,NA,NA,NA,NA,NA,NA,no letter,NA,NA,NA,NA,NA,NA,NA,NA,NA,NA,NA,NA,NA,NA,NA,,NH,,,EP